姓名,省/直辖市,市/区,医院,科室类别,科室,职称,教育职称,综合推荐热度,在线问诊量,擅长,个人网站总访问,个人网站总文章,个人网站总患者,微信诊后报道患者,总诊后报到患者,诊后服务星,诊治后患者数,随访中患者数
刘普,新疆,伊犁,伊犁州友谊医院,内科,心血管内科,副主任医师,,2.9,,各类心血管疾病的诊断治疗，尤其对于冠心病介入手术和疑难危重心血管疾病有非常丰富的临床经验和诊疗水平,,,,,,,,
范印文,新疆,伊犁,伊犁州友谊医院,内科,心血管内科,主任医师,,2.8,,心血管疾病诊断及治疗，特别在冠心病、心律失常、心力衰竭等复杂心血管疾病诊治方面有一定学术造诣,,,,,,,,
叶尔波拉提·马纳甫汗,新疆,伊犁,伊犁州友谊医院,内科,心血管内科,副主任医师,,2.9,,高血压，急慢性心衰，冠心病，心律失常，心肌病，高血脂等内科常见疾病的诊治,"5,966次",0篇,0位,0位,0位,,,
梁德红,新疆,伊犁,伊犁州友谊医院,内科,心血管内科,副主任医师,,2.9,,高血压病的诊治及心血管疾病诊治,"4,031次",0篇,0位,0位,0位,,,
刘峻利,新疆,伊犁,伊犁州友谊医院,内科,心血管内科,主治医师,,2.9,106,高血压，高血压相关疾病的诊治与预防等,"20,698次",2篇,106位,102位,102位,,,
波拉提·阿合买提拜,新疆,伊犁,伊犁州友谊医院,内科,心血管内科,主治医师,,2.9,1,高血压，急慢性心衰，冠心病，心律失常等内科常见疾病的诊治,"6,688次",0篇,1位,0位,0位,,,
王娜,新疆,伊犁,伊犁州友谊医院,内科,心血管内科,主治医师,,2.9,6,高血压及其并发症的诊治与预防,"7,350次",1篇,6位,6位,6位,,,
伊力木努尔·甫拉提,新疆,伊犁,伊犁州友谊医院,内科,心血管内科,住院医师,,2.8,210,高血压，急慢性心衰，冠心病，心律失常，心肌病，高血脂等内科常见疾病的诊治。减肥顾问，健康减轻体重，预防代谢综合征。,"35,795次",19篇,210位,202位,205位,,,
沙庆勇,新疆,伊犁,伊犁州友谊医院,内科,心血管内科,主任医师,,2.8,,心血管疾病的诊疗,,,,,,,,
陈莉莉,新疆,伊犁,伊犁州友谊医院,内科,心血管内科,主治医师,,2.8,117,高血压，急慢性心衰，冠心病，心律失常，心肌病，高血脂等内科常见疾病的诊治,"16,281次",2篇,117位,114位,114位,,,
马勇成,新疆,伊犁,伊犁州友谊医院,内科,心血管内科,主治医师,,2.8,4,心血管疾病,"5,594次",0篇,4位,4位,4位,,,
艾斯娅,新疆,伊犁,伊犁州友谊医院,内科,心血管内科,主治医师,,2.8,10,高血压，急慢性心衰，冠心病，心律失常，心肌病，高血脂等内科常见疾病的诊治,"6,833次",0篇,10位,10位,10位,,,
杨瑞,新疆,伊犁,伊犁州友谊医院,内科,心血管内科,住院医师,,2.8,2,心衰，高血压，冠心病等,"4,228次",0篇,2位,2位,2位,,,
范红星,新疆,伊犁,伊犁州友谊医院,内科,心血管内科,副主任医师,,2.8,,各类心血管疾病的诊断和治疗，尤其对于冠心病的介入及疑难危重心血管疾病有丰富的诊疗经验,,,,,,,,
张钢强,新疆,伊犁,伊犁州友谊医院,内科,心血管内科,住院医师,,2.7,119,高血压，冠心病,"15,951次",1篇,119位,117位,121位,,,
马聪,新疆,伊犁,伊犁州友谊医院,内科,消化内科,主任医师,,2.9,,在消化系统多发病和常见病规范化诊治基础上，擅长功能性胃肠病、胃食管反流病、消化性溃疡、幽门螺旋杆菌(HP)感染；肝胆胰腺疾病、肛肠疾病，以及以上疾病引起的身心疾病等疑难重症疾病的诊断与治疗,,,,,,,,
关翠,新疆,伊犁,伊犁州友谊医院,内科,消化内科,主治医师,,2.9,2,胃炎，胃溃疡的诊治,"5,163次",0篇,2位,1位,1位,,,
肖泽泉,新疆,伊犁,伊犁州友谊医院,内科,消化内科,主治医师,,2.9,8,胃食管反流病，消化性溃疡及消化内镜治疗，胆管结石等疾病的诊治,"5,124次",0篇,8位,2位,2位,,,
阿不来提·玉素甫,新疆,伊犁,伊犁州友谊医院,内科,消化内科,主治医师,,2.9,1,消化性溃疡，反流性食管炎，肠易激综合症，炎症性肠病，消化道早癌，消化道出血，肝硬化等疾病的诊治，以及消化内镜的临床应用,"3,212次",0篇,1位,1位,1位,,,
陈可,新疆,伊犁,伊犁州友谊医院,内科,消化内科,副主任医师,,2.8,,各类消化系统疾病的诊断和治疗，对消化系统疑难危重疾病有丰富的治疗经验,,,,,,,,
赛得尔丁,新疆,伊犁,伊犁州友谊医院,内科,消化内科,副主任医师,,2.8,,功能性胃肠病，消化性溃病，胃食管反流病，炎症性肠病等疾病的诊治。,,,,,,,,
秦金艳,新疆,伊犁,伊犁州友谊医院,内科,消化内科,副主任医师,,2.8,,,,,,,,,,
贺红岩,新疆,伊犁,伊犁州友谊医院,内科,肾病内科,主治医师,,2.9,5,急、慢性肾小球肾炎、肾病综合征、肾功能衰竭等泌尿系统疾病的诊治，并在血液净化治疗方面有着丰富的临床经验,"8,349次",6篇,5位,5位,5位,,,
高倩,新疆,伊犁,伊犁州友谊医院,内科,肾病内科,主治医师,,2.9,,高血压，尿毒症等,"3,040次",0篇,0位,0位,0位,,,
阿依帕丽,新疆,伊犁,伊犁州友谊医院,内科,肾病内科,副主任医师,,2.8,,,,,,,,,,
刘虹,新疆,伊犁,伊犁州友谊医院,内科,肾病内科,副主任医师,,2.8,,对各种原发性及继发性肾脏疾病的诊断及治疗，在血液净化肾脏替代治疗方面有丰富的临床经验,,,,,,,,
廖汉文,新疆,伊犁,伊犁州友谊医院,内科,肾病内科,副主任医师,,2.8,,对各种原发性及继发性肾脏疾病的诊断及治疗，在血液净化肾脏替代治疗方面有丰富的临床经验，擅长血透患者血管通路的建立及血液透析相关并发症的诊断及处理,,,,,,,,
张新华,新疆,伊犁,伊犁州友谊医院,内科,感染内科,主任医师,,2.9,,病毒性肝炎、非传染性肝病、艾滋病及感染性疾病的诊断与治疗,,,,,,,,
关翠英,新疆,伊犁,伊犁州友谊医院,内科,感染内科,主任医师,,2.9,,诊治各种肝病，AIDS机会性感染及其他感染性疾病,,,,,,,,
杨学红,新疆,伊犁,伊犁州友谊医院,内科,感染内科,副主任医师,,2.9,,治疗病毒性肝病、非传染性肝病及小儿常见传染病的诊治,,,,,,,,
刘宇庆,新疆,伊犁,伊犁州友谊医院,内科,神经内科,主任医师,,2.9,,诊治各种脑血管病、癫痫、神经系统变性疾病、中枢神经系统感染性疾病、睡眠障碍等,,,,,,,,
霍加,新疆,伊犁,伊犁州友谊医院,内科,神经内科,主任医师,,2.9,,"在脑血管病及介入治疗，及神经内科危重疾病：如肌无力危像，颅内疾病所致高颅压昏迷合并多脏器衰竭,感染中毒性休克；疑难少见病：线粒体脑肌病，克-雅氏病，神经系统遗传性疾病，变性疾病等疾病的诊治方面积累了丰富的临床经验，在小儿智力发育不全，睡眠障碍，脑器质性精神障碍有着丰富的临床经验",,,,,,,,
陈翔,新疆,伊犁,伊犁州友谊医院,内科,神经内科,副主任医师,,2.8,,,,,,,,,,
时国领,新疆,伊犁,伊犁州友谊医院,内科,急诊科,主治医师,,2.8,1,创伤诊治,"6,707次",0篇,1位,0位,0位,,,
邹华,新疆,伊犁,伊犁州友谊医院,内科,风湿免疫科,副主任医师,,2.8,,干燥综合征、系统性红斑狼疮、类风湿关节炎、强直性脊柱炎、痛风、骨质疏松症等风湿免疫科常见病和疑难病,,,,,,,,
翟伟,新疆,伊犁,伊犁州友谊医院,内科,内分泌科,副主任医师,,2.8,,,,,,,,,,
阿依努尔,新疆,伊犁,伊犁州友谊医院,内科,呼吸与危重症医学科,副主任医师,,3.0,,在慢阻肺、肺心病、哮喘、肺栓塞、肺结核等疾病的诊断治疗方面积累了丰富的临床经验,,,,,,,,
叶斯木汗,新疆,伊犁,伊犁州友谊医院,内科,血液科,主任医师,,2.8,,,,,,,,,,
丁木拉提,新疆,伊犁,伊犁州友谊医院,外科,普外科,,,2.7,,普外肝、胆、胰、胃肠疾病的诊治及腹腔镜手术,,,,,,,,
郭永忠,新疆,伊犁,伊犁州友谊医院,外科,普外科,主任医师,,3.0,,肝胆胰外科、包虫病、胃肠肿瘤外科,,,,,,,,
管苗苗,新疆,伊犁,伊犁州友谊医院,外科,普外科,主治医师,,2.9,2,乳腺疾病,"10,602次",0篇,2位,0位,0位,,,
玉山江·牙森,新疆,伊犁,伊犁州友谊医院,外科,普外科,主任医师,,2.9,,,,,,,,,,
许舒波,新疆,伊犁,伊犁州友谊医院,外科,普外科,主任医师,,2.9,,普外肝胆胰腺专业,,,,,,,,
黄伟,新疆,伊犁,伊犁州友谊医院,外科,普外科,主任医师,,2.9,2,,"2,045次",0篇,2位,0位,0位,,,
王瑞哲,新疆,伊犁,伊犁州友谊医院,外科,普外科,主治医师,,2.8,,甲状腺肝胆胃肠疾病的诊治。,"1,944次",0篇,0位,0位,0位,,,
何立鹏,新疆,伊犁,伊犁州友谊医院,外科,普外科,主治医师,,2.8,,本人擅长甲状腺、乳腺良恶性肿瘤及相关疾病的诊治，擅长普外科常见病、多发病（如胆囊炎 胆囊结石，阑尾炎，胰腺炎等）的诊治。,"2,424次",0篇,0位,0位,0位,,,
祖力皮卡尔·阿卜杜外力,新疆,伊犁,伊犁州友谊医院,外科,普外科,住院医师,,2.8,,小儿普外科 成人胃肠 肝胆外科,"5,291次",0篇,0位,0位,0位,,,
张洧,新疆,伊犁,伊犁州友谊医院,外科,普外科,副主任医师,,2.8,,肝胆胰，疝及腹壁外科疾病的诊治,,,,,,,,
阿不都克依木,新疆,伊犁,伊犁州友谊医院,外科,普外科,副主任医师,,2.8,,各种肝胆胰腺良、恶性疾病及急腹症的外科治疗，尤其在腹腔镜下完成各种肝胆胰、胃肠道肿瘤疾病的手术治疗方面有丰富的临床经验,,,,,,,,
胡长军,新疆,伊犁,伊犁州友谊医院,外科,普外科,副主任医师,,2.8,,,,,,,,,,
李文强,新疆,伊犁,伊犁州友谊医院,外科,骨科,副主任医师,,3.0,43,"一：颈椎病、腰椎间盘突出微创治疗 （椎间孔镜手术)、脊柱骨折及结核的治疗。

二：膝关节骨性关节炎、股骨头坏死、先天性髋关节脱位等疾病的人工髋、膝关节（微创、复杂、翻修)置换","8,663次",0篇,43位,1位,1位,,,
张万里,新疆,伊犁,伊犁州友谊医院,外科,骨科,主治医师,,3.1,84,椎间孔镜治疗腰椎间盘突出、腰椎椎管狭窄、胸椎黄韧带骨化等退变性脊柱疾病; 局麻下PKP治疗老年性骨质疏松性脊柱骨折导致的胸腰背部疼痛; 及四肢创伤、退变性疾病的微创外科治疗。,"14,161次",6篇,84位,66位,66位,,,
刘晓峰,新疆,伊犁,伊犁州友谊医院,外科,骨科,副主任医师,,2.9,22,脊柱退变性疾病和骨关节疾病的诊治，腰椎间盘突出症、腰椎管狭窄、颈椎病、腰椎滑脱的微创手术治疗，老年骨质疏松性椎体压缩性骨折的规范化治疗，脊柱、四肢骨折的微创手术治疗，脊柱结核的前后路手术，人工髋膝关节置换手术治疗。,"5,819次",0篇,22位,14位,15位,,,
周卓浩,新疆,伊犁,伊犁州友谊医院,外科,骨科,副主任医师,,2.9,,各类创伤骨折内固定及骨折微创手术，骨不连翻修手术各种手外科手术，腕管综合征及肘管综合征的诊疗工作，精通足踝部骨折、跟骨骨折切开复位内固定术，足踝畸形矫正，拇外翻，平足及马蹄高弓足等各类手术，擅长儿童马蹄高弓内翻足ponseti法矫正,,,,,,,,
涂英俊,新疆,伊犁,伊犁州友谊医院,外科,骨科,副主任医师,,2.8,,运动医学，关节置换，创伤骨科，手外科等专业,,,,,,,,
胡开松,新疆,伊犁,伊犁州友谊医院,外科,泌尿外科,副主任医师,,3.0,73,泌尿系统疑难急危重疾病诊治，在复杂性泌尿系结石综合治疗，前列腺微创手术， 泌尿系腹腔镜手术治疗等方面尤为擅长。,"32,090次",0篇,73位,16位,17位,,,
杨宏林,新疆,伊犁,伊犁州友谊医院,外科,泌尿外科,主任医师,,2.9,,,,,,,,,,
谢光强,新疆,伊犁,伊犁州友谊医院,外科,泌尿外科,主治医师,,2.9,109,泌尿系感染，前列腺疾病，性功能障碍，男性不育，阳痿、早泄、前列腺炎、前列腺增生、尿失禁，包皮过长，包皮感染，龟头感染，泌尿系统常见疾病的诊治及手术治疗,"23,553次",1篇,109位,15位,16位,,,
阿斯甫江,新疆,伊犁,伊犁州友谊医院,外科,泌尿外科,副主任医师,,2.9,,泌尿外科及男科疑难杂症的诊治,,,,,,,,
王桂林,新疆,伊犁,伊犁州友谊医院,外科,神经外科,主任医师,,2.9,,神经外科常见病、多发病、疑难病的诊断、治疗及手术，特别擅长脑膜瘤、胶质瘤、动脉瘤、三叉神经痛脊髓肿瘤及其他颅内肿瘤的微创手术治疗,,,,,,,,
哈米提,新疆,伊犁,伊犁州友谊医院,外科,神经外科,主任医师,,2.9,,,,,,,,,,
夏平,新疆,伊犁,伊犁州友谊医院,外科,神经外科,主任医师,,2.9,,,,,,,,,,
库格鲁克·亚力坤,新疆,伊犁,伊犁州友谊医院,外科,神经外科,住院医师,,2.8,10,颅底肿瘤、胶质瘤、侧脑室肿瘤、脑膜瘤等脑瘤；脑出血、动脉瘤、脑脓肿等,"6,609次",0篇,10位,3位,6位,,,
万红,新疆,伊犁,伊犁州友谊医院,外科,整形美容科,副主任医师,,2.9,,各类医学美学整形手术，擅长眼周整形、面部年轻化提升、鞍鼻矫正、耳廓畸形矫正、面部除皱、瘢痕防治、微创腋臭、抽脂术、隆乳术、面部注射、体表肿瘤切除及各类继发性畸形矫正等,,,,,,,,
纪雨廷,新疆,伊犁,伊犁州友谊医院,外科,整形美容科,副主任医师,,3.0,23,重睑术（双眼皮手术），提眉手术，眼袋手术，注射微整，面部各种良恶性肿瘤、色素痣，各种瘢痕，微创腋臭，微针美容等的治疗，,"5,369次",0篇,23位,2位,2位,,,
李悦,新疆,伊犁,伊犁州友谊医院,外科,整形美容科,住院医师,,2.8,4,整形美容外科，包括重睑术、祛眼袋术、除皱术、注射微整形、痣、面部外伤、瘢痕修复、腋臭等疾病的诊断和治疗,"1,452次",0篇,4位,2位,2位,,,
马彦清,新疆,伊犁,伊犁州友谊医院,外科,胸心外科,主任医师,,2.9,,擅长诊断和手术治疗各种复杂型食管癌、贲门癌、食管平滑肌瘤、贲门失驰缓症、食管裂孔疝、食管自发性破裂；肺癌、肺部良性肿瘤、肺小结节病变、支气管扩张症、肺大疱、肺囊肿、肺脓肿、肺和肝顶部包虫病；自发性气胸和血气胸、急性脓胸、慢性脓胸、膈疝、纵隔良恶性肿瘤、胸壁肿瘤、胸壁结核、漏斗胸、重症胸外伤肋骨和胸骨骨折。,,,,,,,,
郭小进,新疆,伊犁,伊犁州友谊医院,外科,胸心外科,副主任医师,,2.8,,,,,,,,,,
阿不都拉,新疆,伊犁,伊犁州友谊医院,外科,乳腺外科,主任医师,,2.9,,肝、胆、胰和甲状腺乳腺疾病,,,,,,,,
张嵘,新疆,伊犁,伊犁州友谊医院,妇儿,儿科,主任医师,,3.0,,小儿呼吸系统疾病，新生儿疾病，儿童重症疾病的诊治,,,,,,,,
摆丽,新疆,伊犁,伊犁州友谊医院,妇儿,儿科,主任医师,,2.9,28,呼吸方面重症方面,,0篇,0位,18位,19位,,,
米娜瓦尔,新疆,伊犁,伊犁州友谊医院,妇儿,儿科,主任医师,,2.8,,儿童重症监护室及神经系统以及小儿常见病的诊疗工作,,,,,,,,
努尔古丽,新疆,伊犁,伊犁州友谊医院,妇儿,儿科,主任医师,,2.8,,慢性病患者，血液病，肾脏病，风湿免疫性疾病的诊疗，尤其是在小儿血液病，肾脏病，风湿免疫性疾病具有丰富临床经验,,,,,,,,
周莉,新疆,伊犁,伊犁州友谊医院,妇儿,儿科,副主任医师,,2.8,,儿科呼吸系统疾病，儿科常见病的诊治,,,,,,,,
古再丽·阿布力孜,新疆,伊犁,伊犁州友谊医院,妇儿,儿科,主治医师,,2.8,1,儿科急诊的常见病,"5,747次",1篇,1位,0位,0位,,,
王建,新疆,伊犁,伊犁州友谊医院,妇儿,妇科,主任医师,,3.1,,在妇科肿瘤微创手术治疗和妇科肿瘤的诊断及综合治疗方面累积了丰富的临床经验,,,,,,,,
齐晓燕,新疆,伊犁,伊犁州友谊医院,妇儿,妇科,主任医师,,2.9,,熟练完成腹腔镜下的各类妇科手术，尤其擅长宫腔镜在不孕症的诊疗和妇科子官异常出血等疾病诊疗中的应用,,,,,,,,
崔爱玲,新疆,伊犁,伊犁州友谊医院,妇儿,妇科,副主任医师,,2.8,,,,,,,,,,
谢海燕,新疆,伊犁,伊犁州友谊医院,妇儿,妇科,副主任医师,,2.8,,,,,,,,,,
闹夏尔班,新疆,伊犁,伊犁州友谊医院,妇儿,妇科,住院医师,,2.8,,对妇产科疑难杂症的诊疗及常见的妇科疾病积累了丰富的临床经验,,,,,,,,
罗彩霞,新疆,伊犁,伊犁州友谊医院,妇儿,产科,主任医师,,2.9,,能熟练处理产科的各类常见病、多发病，在产科急危重症的救治方面经验丰富，妥善化解危机，熟练完成妇产科各项常规手术及疑难重大手术,,,,,,,,
李伊宁,新疆,伊犁,伊犁州友谊医院,妇儿,产科,主任医师,,2.9,,能够准确处置产科各类急危重症病情，挽救孕产妇生命。能够独立解决产科疑难重症。能够娴熟操作妇产科各级各类手术；在围产医学方面有较深造诣,,,,,,,,
段杜军,新疆,伊犁,伊犁州友谊医院,妇儿,小儿外科,住院医师,,2.8,1,,"2,188次",0篇,1位,0位,0位,,,
蔺春玲,新疆,伊犁,伊犁州友谊医院,其他,心理医学科,主任医师,,3.6,315,焦虑症，抑郁症，强迫症，青少年心理问题，睡眠障碍，精神分裂症，老年器质性精神障碍等,"37,941次",4篇,315位,238位,240位,,,
沈林菲,新疆,伊犁,伊犁州友谊医院,其他,心理医学科,住院医师,,3.3,229,心理治疗，抑郁障碍，焦虑障碍，双相障碍，强迫障碍，神经官能症等疾病的诊治,"26,426次",0篇,229位,98位,99位,,,
刘俊银,新疆,伊犁,伊犁州友谊医院,其他,心理医学科,主治医师,,2.9,3,擅长神内内科、心血管科常见病的诊治，尤其对焦虑症、抑郁症、青少年情绪障碍、睡眠障碍等心理疾病的诊治。,"3,055次",0篇,3位,0位,0位,,,
许习英,新疆,伊犁,伊犁州友谊医院,其他,心理医学科,住院医师,,2.9,,擅长心理测评，抑郁症、焦虑症、睡眠障碍等心理治疗。,"2,191次",0篇,0位,0位,0位,,,
杨斌,新疆,伊犁,伊犁州友谊医院,其他,心理医学科,住院医师,,2.8,15,脑血管病、脑梗等,"7,671次",0篇,15位,14位,14位,,,
裴新峰,新疆,伊犁,伊犁州友谊医院,其他,耳鼻喉,主任医师,,2.9,,耳鼻咽喉头颈外科,,,,,,,,
李飞,新疆,伊犁,伊犁州友谊医院,其他,耳鼻喉,主治医师,,2.9,77,耳鼻咽喉科常见疾病诊断治疗,"51,829次",0篇,77位,0位,0位,,,
玛依努尔,新疆,伊犁,伊犁州友谊医院,其他,耳鼻喉,副主任医师,,2.9,,在耳鼻咽喉科急、慢性疾病的诊断、治疗有丰富的临床经验，能熟练处理常见疾病,,,,,,,,
卡丽曼,新疆,伊犁,伊犁州友谊医院,其他,耳鼻喉,副主任医师,,2.9,,,,,,,,,,
赛热娜,新疆,伊犁,伊犁州友谊医院,其他,耳鼻喉,副主任医师,,2.8,,,,,,,,,,
李勤,新疆,伊犁,伊犁州友谊医院,其他,眼科,主任医师,,2.9,,在青光眼早期诊治方面经验丰富,,,,,,,,
王婉丽,新疆,伊犁,伊犁州友谊医院,其他,眼科,副主任医师,,2.9,18,擅长眼科常见病多发病的诊断和治疗积累了丰富的临床经验，尤其擅长干眼症，眼表疾病、眼外伤、白内障、各种类型青光眼的早期诊断及治疗；对小儿斜弱视及眼底病也有一定的诊疗经验，善于抓住每位患者的特点，科学地运用现代医学的研究成果和最新技术，结合传统的诊疗手段，通过严谨的临床分析，制定个体化诊疗方案。,"4,490次",1篇,18位,7位,7位,,,
马晓琼,新疆,伊犁,伊犁州友谊医院,其他,眼科,副主任医师,,2.9,,眼底病、青光眼、泪器病、眼外伤的诊断与治疗，处理急诊及重症手术，部分眼科疑难杂症诊断及治疗,,,,,,,,
胡雁汀,新疆,伊犁,伊犁州友谊医院,其他,眼科,主治医师,,2.8,,眼底病的诊治,"5,621次",0篇,0位,0位,0位,,,
李锋,新疆,伊犁,伊犁州友谊医院,其他,全科医学科,副主任医师,,2.9,4,心律失常，药物治疗，以及起搏器植入，冠心病的介入治疗等,,0篇,4位,0位,0位,,,
孙敬,新疆,伊犁,伊犁州友谊医院,其他,全科医学科,主任医师,,2.8,,急危重症、内科多系统慢病、未分化疾病、老年性疾病的诊治及健康管理,,,,,,,,
陈强,新疆,伊犁,伊犁州友谊医院,其他,全科医学科,住院医师,,2.7,1,心内科疾病,"3,789次",0篇,1位,1位,1位,,,
马春雷,新疆,伊犁,伊犁州友谊医院,其他,皮肤科,副主任医师,,3.4,217,银屑病，玫瑰糠疹，白癜风，痤疮，荨麻疹，皮炎湿疹，敏感性皮肤，激素依赖性皮炎，酒渣鼻，瘢痕疙瘩，丹毒，手足癣，体股癣等常见病和多发病的诊治，以及激光治疗雀斑，黄褐斑，太田痣，文身，色素痣等，还有在激光美容方面有一定的研究。,"106,075次",5篇,217位,11位,11位,,,
陈珊红,新疆,伊犁,伊犁州友谊医院,其他,皮肤科,主任医师,,3.2,,湿疹、荨麻疹、银屑病、带状疱疹、红斑狼疮、皮肌炎等常见皮肤病及性病的诊治，对一些疑难性皮肤病及皮肤病理有一定的研究,,,,,,,,
阿孜林,新疆,伊犁,伊犁州友谊医院,其他,皮肤科,主任医师,,3.2,,皮肤性病的诊治,,,,,,,,
游金荣,新疆,伊犁,伊犁州友谊医院,其他,康复疼痛科,主任医师,,2.9,,对麻醉及疼痛诊疗具有丰富的经验,,,,,,,,
张志勇,新疆,伊犁,伊犁州友谊医院,其他,康复疼痛科,主治医师,,2.9,1,颈肩腰腿疼痛及各类疼痛疾病诊治。,"2,247次",0篇,1位,0位,0位,,,
杨志强,新疆,伊犁,伊犁州友谊医院,其他,康复科,主任医师,,2.9,,各类神经系统疾病的诊断治疗康复，骨骼肌肉病损的康复医疗,,,,,,,,
张磊,新疆,伊犁,伊犁州友谊医院,其他,康复科,主治医师,,2.8,,,,,,,,,,
李林海,新疆,伊犁,伊犁州友谊医院,其他,口腔科,主任医师,,2.9,,颌面部肿瘤，颌面部创伤，颌面部脉管畸形，唇裂修复术，颞颌关节疾病的诊断及治疗,,,,,,,,
阿依丁·波拉提别克,新疆,伊犁,伊犁州友谊医院,其他,口腔科,主治医师,,2.9,19,口腔科常见病，如颌面部创伤、良恶性肿瘤，炎症，口腔粘膜病的诊治。,"4,919次",0篇,19位,5位,5位,,,
常学智,新疆,伊犁,伊犁州友谊医院,其他,放疗科,主任医师,,2.9,,常见肿瘤规范化放疗，肿瘤靶向治疗及肿瘤影像学诊断，对肿瘤放射治疗有一定的经验及研究,,,,,,,,
李宏,新疆,伊犁,伊犁州友谊医院,其他,放疗科,主任医师,,2.9,,,,,,,,,,
蔡晓敏,新疆,伊犁,伊犁州友谊医院,其他,肿瘤科,主任医师,,2.9,,各种肿瘤的诊断及内科综合治疗,,,,,,,,
帕提曼,新疆,伊犁,伊犁州友谊医院,其他,肿瘤科,副主任医师,,2.8,,对恶性肿瘤的诊断，治疗方面积累了一定临床的经验。尤其擅长于乳腺癌，妇科肿瘤及胃肠道肿瘤的诊治,,,,,,,,
门连社,新疆,伊犁,伊犁州友谊医院,其他,中医科,主任医师,,3.1,,,,,,,,,,
许敏,新疆,伊犁,伊犁州友谊医院,其他,重症医学科,副主任医师,,2.8,,呼吸系统常见病诊治，慢性咳嗽，重症哮喘，重症感染，慢阻肺无创和有创机械通气治疗急慢性呼吸衰竭，休克、严重创伤、重症支气管哮喘，急性呼吸窘迫综合征，各种药物中毒、急性肾衰CRRT，开展支气管镜的诊断和治疗,,,,,,,,
唐承波,新疆,伊犁,塔城地区人民医院,内科,急诊科,副主任医师,,2.8,,内科常见急诊疾病的诊治工作。,,,,,,,,
谢力扎提·木拉提,新疆,伊犁,塔城地区人民医院,内科,急诊科,主治医师,,2.8,,常见院前急救患者的救治,,,,,,,,
袁蕾,新疆,伊犁,塔城地区人民医院,内科,急诊科,主治医师,,2.8,,常规十二导联心电图诊断及24小时动态心电图分析及诊断，运动平板负荷试验检查及分析。,,,,,,,,
高向丽,新疆,伊犁,塔城地区人民医院,内科,急诊科,住院医师,,2.8,,,,,,,,,,
刘君丽,新疆,伊犁,塔城地区人民医院,内科,急诊科,住院医师,,2.8,,急危重症患者的院前抢救，循环功能衰竭，各种消化系统急症，急性呼吸系统急症，种创伤、中毒，脏器功能支持等急救技术和诊治。,,,,,,,,
迪利木拉提·艾买太,新疆,伊犁,塔城地区人民医院,内科,急诊科,住院医师,,2.8,,常见院前急救患者的救治,,,,,,,,
再吐娜·买买提明,新疆,伊犁,塔城地区人民医院,内科,感染性疾病科,副主任医师,,3.0,,擅长治疗急慢性各种类型肝炎，肝硬化，脂肪肝，酒精肝，肺结核，各种小儿传染病，水痘，腮腺炎，猩红热等，肠道传染病细菌性痢疾，各种发热性疾病。,,,,,,,,
齐木德,新疆,伊犁,塔城地区人民医院,内科,感染性疾病科,主任医师,,3.0,,传染科常见、多发病，危重疑难病的诊断鉴别诊断治疗抢救等。,,,,,,,,
李爱英,新疆,伊犁,塔城地区人民医院,内科,感染性疾病科,主治医师,,2.8,,常见传染病及肺结核、艾滋病的诊治,,,,,,,,
张永花,新疆,伊犁,塔城地区人民医院,内科,感染性疾病科,主治医师,,2.8,,肝病，小儿传染性疾病的诊治,,,,,,,,
张红梅,新疆,伊犁,塔城地区人民医院,内科,感染性疾病科,主治医师,,2.8,,小儿肺结核等传染性疾病的诊治,,,,,,,,
冯兴华,新疆,伊犁,塔城地区人民医院,内科,感染性疾病科,住院医师,,2.8,,,,,,,,,,
赵永胜,新疆,伊犁,塔城地区人民医院,内科,肾病风湿免疫科,主任医师,,2.9,,内科多发病、常见病的诊断、治疗。,,,,,,,,
郭立东,新疆,伊犁,塔城地区人民医院,内科,肾病风湿免疫科,主任医师,,2.8,,肾病、风湿疾病的诊治,,,,,,,,
马荣,新疆,伊犁,塔城地区人民医院,内科,肾病风湿免疫科,主治医师,,2.8,,,,,,,,,,
孔爱斌,新疆,伊犁,塔城地区人民医院,内科,肾病风湿免疫科,主治医师,,2.8,,肾病、风湿疾病的诊治,,,,,,,,
丽扎·沙南,新疆,伊犁,塔城地区人民医院,内科,肾病风湿免疫科,住院医师,,2.7,,,,,,,,,,
张栋洋,新疆,伊犁,塔城地区人民医院,内科,肾病风湿免疫科,住院医师,,2.7,,肾病、风湿疾病的诊治,,,,,,,,
金洪,新疆,伊犁,塔城地区人民医院,内科,呼吸科,主任医师,,3.1,,慢性阻塞性肺疾病，支气管哮喘，支气管扩张，社区获得性肺炎，慢性咳嗽等呼吸系统疾病。,,,,,,,,
娜合木古丽·阿依达尔汗,新疆,伊犁,塔城地区人民医院,内科,呼吸科,主治医师,,3.0,,社区获得性肺炎、重症肺炎、肺源性心脏病、慢性阻塞性肺疾病急性发作、呼吸衰竭、肺性脑病、肺栓塞、肺脓肿、支气管扩张症、支气管哮喘、肺癌等呼吸系统疾病的诊断及治疗。,,,,,,,,
杨海银,新疆,伊犁,塔城地区人民医院,内科,呼吸科,住院医师,,2.9,,常见呼吸系统疾病的诊治，睡眠监测初筛、普通纤维支气管镜,,,,,,,,
富蕾蕾,新疆,伊犁,塔城地区人民医院,内科,呼吸科,住院医师,,2.9,,擅长常见呼吸系统疾病的诊治，呼吸系统常见病，多发病治疗，熟练掌握常规操作（胸穿、无创呼吸机辅助通气、经鼻高流量的应用）。主要是气管镜（经气管镜刷检、支气管肺泡灌洗、经支气管镜病灶活检、支气管粘膜活检、经支气管镜针吸活检（TBNA）、经支气管镜透壁肺活检（TBLB）等检查）。,,,,,,,,
任晶,新疆,伊犁,塔城地区人民医院,内科,呼吸科,住院医师,,2.9,,呼吸科常见疾病的诊治，比如社区获得性肺炎，支气管哮喘，慢性支气管炎，肺栓塞等疾病的诊治，熟悉呼吸科常规诊疗操作，例如肺功能检查，无创呼吸科使用，经鼻高流量温湿化治疗等,,,,,,,,
曾晓凤,新疆,伊犁,塔城地区人民医院,内科,呼吸科,住院医师,,2.9,,常见呼吸系统疾病的诊治,,,,,,,,
唐真明,新疆,伊犁,塔城地区人民医院,内科,心血管内科,主任医师,,2.8,,高血压病的诊断及治疗，心血管常见病以及心血管病的介入治疗，能够独立完成冠状动脉造影术、经皮冠状动脉腔内支架植入术以及永久心脏起搏器植入术。,,,,,,,,
衡雪芹,新疆,伊犁,塔城地区人民医院,内科,心血管内科,主任医师,,2.8,,高血压、冠心病、心力衰竭、各种心律失常及常见心血管内科系统各种危重病的治疗。,,,,,,,,
赵春良,新疆,伊犁,塔城地区人民医院,内科,心血管内科,副主任医师,,2.8,,高血压病的诊断及治疗，心血管常见病，危重病以及心血管病的介入治疗。,,,,,,,,
严定娟,新疆,伊犁,塔城地区人民医院,内科,心血管内科,主治医师,,2.8,,高血压的诊断治疗，心血管常见病，危重病以及心血管病的诊断及治疗，心脏起搏器程控随访工作,,,,,,,,
岳怀志,新疆,伊犁,塔城地区人民医院,内科,心血管内科,住院医师,,2.7,,高血压，心律失常，心力衰竭，冠心病等疾病的诊治,,,,,,,,
杨海霞,新疆,伊犁,塔城地区人民医院,内科,心血管内科,住院医师,,2.7,,高血压，冠心病，心律失常，心力衰竭等常见病,,,,,,,,
李飞,新疆,伊犁,塔城地区人民医院,内科,消化内分泌科,主治医师,,2.8,,消化内分泌疾病,"3,743次",0篇,0位,0位,0位,,,
孙静,新疆,伊犁,塔城地区人民医院,内科,消化内分泌科,住院医师,,2.7,,,,,,,,,,
黄晶,新疆,伊犁,塔城地区人民医院,内科,消化内分泌科,住院医师,,2.7,,擅长内分泌系统疾病的诊治，如糖尿病，甲状腺疾病的诊治,,,,,,,,
董小刚,新疆,伊犁,塔城地区人民医院,内科,消化内分泌科,住院医师,,2.7,,消化系统常见疾病的诊治,,,,,,,,
艾云飞,新疆,伊犁,塔城地区人民医院,内科,消化内分泌科,住院医师,,2.7,,内分泌系统疾病的诊治，如糖尿病，甲状腺疾病的诊治,,,,,,,,
穆克代思·哈木扎,新疆,伊犁,塔城地区人民医院,内科,神经内科,副主任医师,,2.9,,急性脑血管病，帕金森病，癫痫病，痴呆，周围神经病。,,,,,,,,
师卫,新疆,伊犁,塔城地区人民医院,内科,神经内科,主治医师,,2.9,,急性脑血管病、癫痫、痴呆、脊髓病、颅内感染性疾病、周围神经病等。,,,,,,,,
钟美玲,新疆,伊犁,塔城地区人民医院,内科,神经内科,主治医师,,2.8,,神经内科常见疾病的诊断、治疗。,,,,,,,,
杨月娇,新疆,伊犁,塔城地区人民医院,内科,神经内科,主治医师,,2.8,,神经系统常见病的诊治。在缺血性脑卒中、帕金森病、癫痫及痴呆的诊治中有一定的经验。,,,,,,,,
白成宝,新疆,伊犁,塔城地区人民医院,外科,骨科,主任医师,,2.9,,擅长四肢骨折的手术治疗、髋、膝关节置换、脊柱创伤和退行性变的手术治疗及膝关节镜微创手术。,,,,,,,,
李传仁,新疆,伊犁,塔城地区人民医院,外科,骨科,主任医师,,2.9,,,,,,,,,,
郭文娟,新疆,伊犁,塔城地区人民医院,外科,骨科,副主任医师,,2.8,,四肢骨折的手术治疗、腰椎间盘镜、脊柱微创和退行性变脊柱的手术治疗及保守治疗，运用中西结合治疗颈椎病、腰椎间盘突出、膝关节炎等各类骨科疾病有独特的治疗方法。,,,,,,,,
叶飞,新疆,伊犁,塔城地区人民医院,外科,骨科,副主任医师,,2.8,,老年髋部骨折、四肢长管骨髓内钉微创手术、Mippo微创技术、小儿四肢骨折的微创手术技术,,,,,,,,
张新刚,新疆,伊犁,塔城地区人民医院,外科,骨科,主治医师,,2.8,,常见骨科疾病的诊治，四肢创伤、骨折的保守及手术治疗，膝关节镜下交叉韧带的重建、半月板损伤的缝合、成型等手术治疗。,,,,,,,,
王志军,新疆,伊犁,塔城地区人民医院,外科,骨科,住院医师,,2.8,,常见骨科疾病的诊治，四肢创伤、骨折的保守及手术治疗，膝关节镜下交叉韧带的重建、半月板损伤的缝合、成型等手术治疗。,,,,,,,,
徐向新,新疆,伊犁,塔城地区人民医院,外科,骨科,住院医师,,2.8,,关节脱位手法复位、四肢骨折、脊柱诊断及治疗。,,,,,,,,
越莫尔·卡德尔汗,新疆,伊犁,塔城地区人民医院,外科,骨科,住院医师,,2.8,,创伤骨科的急救，四肢骨折手术，尤其对老年骨质疏松的治疗。,,,,,,,,
窦怀豹,新疆,伊犁,塔城地区人民医院,外科,普外科,主任医师,,3.1,,肝胆胃肠肿瘤、甲状腺肿瘤、乳腺肿瘤、血管外科等疾病的诊诊断及微创治疗,,26篇,0位,0位,0位,,,
马天林,新疆,伊犁,塔城地区人民医院,外科,普外科,主治医师,,2.8,,对外科常见病、多发病的诊治有丰富的临床经验。擅长肝胆、胃肠、肛肠的手术治疗。,,,,,,,,
陈锟,新疆,伊犁,塔城地区人民医院,外科,普外科,主治医师,,2.8,,擅长血管、甲状腺、乳腺疾病的手术治疗。,,,,,,,,
张腾,新疆,伊犁,塔城地区人民医院,外科,普外科,住院医师,,2.7,,对外科常见病、多发病的诊治有丰富的临床经验。擅长泌尿外科各类疾病的手术治疗。,,,,,,,,
杨芳丽,新疆,伊犁,塔城地区人民医院,外科,普外科,住院医师,,2.7,,对外科常见病、多发病的诊治有丰富的临床经验，如血管、甲状腺、乳腺疾病的手术治疗。,,,,,,,,
董国强,新疆,伊犁,塔城地区人民医院,外科,普外科,住院医师,,2.7,,对外科常见病、多发病的诊治有丰富的临床经验。擅长肝胆、胃肠疾病的手术治疗。,,,,,,,,
孟宏武,新疆,伊犁,塔城地区人民医院,外科,神经外科,主任医师,,2.9,,,,,,,,,,
石向阳,新疆,伊犁,塔城地区人民医院,外科,神经外科,主任医师,,2.9,,,,,,,,,,
张丹,新疆,伊犁,塔城地区人民医院,外科,神经外科,住院医师,,2.8,,,,,,,,,,
洪素华,新疆,伊犁,塔城地区人民医院,妇儿,儿科,主任医师,,3.0,15,小儿呼吸，消化疾病,"9,942次",0篇,15位,15位,15位,,,
玛尔旦娜·木哈买提,新疆,伊犁,塔城地区人民医院,妇儿,儿科,主治医师,,2.8,,儿科疾病的诊治,,,,,,,,
林洪军,新疆,伊犁,塔城地区人民医院,妇儿,儿科,住院医师,,2.8,,内科、儿科系统的呼吸系统诊治。,,,,,,,,
关红艳,新疆,伊犁,塔城地区人民医院,妇儿,儿科,主治医师,,2.8,,儿科常见病的诊治,,,,,,,,
郭娅娅,新疆,伊犁,塔城地区人民医院,妇儿,儿科,住院医师,,2.7,,儿科常见疾病的诊断及治疗，尤其在新生儿等方面有丰富的临床经验。,,,,,,,,
焦新爱,新疆,伊犁,塔城地区人民医院,妇儿,妇产科,主任医师,,2.9,,妇产宫腔镜检查、宫颈癌前病变手术、阴式子宫全切术、筋膜内全子宫切除术，对于利普刀、胎盘早剥、子痫等产科急重症、抢救及复杂性剖宫产手术有丰富的临床经验。,,,,,,,,
阿依努尔,新疆,伊犁,塔城地区人民医院,妇儿,妇产科,副主任医师,,2.8,,孕期，围产期保健，危重孕产期各类疾病，宫腔镜手术，产科剖宫产，附件囊肿剥离，子宫肌瘤剔除等,,,,,,,,
胡水兰,新疆,伊犁,塔城地区人民医院,妇儿,妇产科,主治医师,,2.8,,中药治疗盆腔炎性及盆腔包块，阴道镜检查、宫腔镜检查术。,,,,,,,,
杨海燕,新疆,伊犁,塔城地区人民医院,妇儿,妇产科,住院医师,,2.8,,熟练掌握妇产科门诊常见病、多发病诊治，孕期、围产期保健及各类危重孕产妇的诊断与治疗，实施肿瘤化疗，掌握妇科炎症诊治，宫颈病变、宫颈病变的筛查及治疗，妇科急腹症、巧囊等诊断处理。,,,,,,,,
玛么尔·胡达别里根,新疆,伊犁,塔城地区人民医院,妇儿,妇产科,住院医师,,2.8,,熟练掌握孕产妇的诊断和治疗，妇科方面擅长急腹症、巧囊等妇科的及时诊断处理，尤其擅长剖宫产术,,,,,,,,
李晨晔,新疆,伊犁,塔城地区人民医院,其他,口腔科,主治医师,,2.9,,口腔牙槽外科、口腔种植学及牙体牙髓疾病诊断治疗。,,,,,,,,
石慧,新疆,伊犁,塔城地区人民医院,其他,口腔科,主治医师,,2.9,,口腔门诊疾病的诊治，尤其是对口腔外科、牙体牙髓、口腔黏膜疾病、牙周疾病等疑难疾病的诊治，具有独特的见解及丰富的临床经验。,,,,,,,,
木尼拉·赛力木,新疆,伊犁,塔城地区人民医院,其他,口腔科,主治医师,,2.8,,儿童牙病的常见疾病，多发病的诊断治疗，儿童龋病，乳牙及替牙期的咬合诱导，各种外伤牙的治疗及间隙保持器，预成冠。现代根管治疗对一些细小，弯曲，钙化复杂的根管进行根管治疗，同时镍钛机动根管预备，热牙胶充填等特色治疗技术，年轻恒牙外伤。,,,,,,,,
牛五兴,新疆,伊犁,塔城地区人民医院,其他,口腔科,住院医师,,2.8,101,牙痛，补牙，镶牙，牙齿矫正，牙齿过敏，口腔溃疡，智齿冠周炎，口腔肿物,"16,143次",0篇,101位,0位,0位,,,
周庆,新疆,伊犁,塔城地区人民医院,其他,口腔科,住院医师,,2.8,,口腔活动义齿修复，固定义齿修复，牙体缺损，牙列缺损等复杂义齿修复，另能够熟练掌握直丝弓矫正技术，针对错牙合畸形开展矫正,,,,,,,,
吕静静,新疆,伊犁,塔城地区人民医院,其他,口腔科,住院医师,,2.8,,能够熟练诊断及治疗口腔内科常见疾病。掌握牙髓病、根尖病及常见疾病诊疗，龋病修复治疗，现代根管治疗术，前牙美容修复术及牙周基础治疗。,,,,,,,,
张忠堂,新疆,伊犁,塔城地区人民医院,其他,中医科,主任医师,,3.1,,中西医结合内科疾病的诊治。,,,,,,,,
李国行,新疆,伊犁,塔城地区人民医院,其他,中医科,副主任医师,,3.0,,擅长治疗消化系统、妇科、男女不孕不育、颈肩腰腿痛等内科杂症。,,,,,,,,
王连生,新疆,伊犁,塔城地区人民医院,其他,中医科,副主任医师,,3.0,,对消化系统疾病、泌尿结石、慢性肾病、妇科疑难杂症等方面积累了丰富的临床经验。,,,,,,,,
郑爱红,新疆,伊犁,塔城地区人民医院,其他,中医科,副主任医师,,3.0,,擅长中医药预防疾病，治疗慢性病，如头晕，失眠，咳嗽，腹胀，便秘，更年期综合征等。,,,,,,,,
祖菲娅·吐尔森江,新疆,伊犁,塔城地区人民医院,其他,中医科,住院医师,,3.0,,擅长中医药治疗老年慢性病相关疾病，如动脉硬化、高脂血症、高血压、眩晕等，及慢性虚损调理。,,,,,,,,
孟祥伟,新疆,伊犁,塔城地区人民医院,其他,精神科,主任医师,,2.9,,,,,,,,,,
阿依丁·海拉提,新疆,伊犁,塔城地区人民医院,其他,精神科,住院医师,,2.8,,精神类常见病诊治，如焦虑、抑郁、应激相关障碍、强迫症。,,,,,,,,
胡辽民,新疆,伊犁,塔城地区人民医院,其他,精神科,住院医师,,2.8,,焦虑症、抑郁症、应激障碍、失眠等心理疾病的治疗，另外在心理治疗方面擅长认知行为治疗，放松训练、冥想，松弛减压治疗，催眠等常见治疗及心理康复方法。,,,,,,,,
朱玉萍,新疆,伊犁,塔城地区人民医院,其他,精神科,住院医师,,2.8,,焦虑症、抑郁症、睡眠障碍、应激相关障碍、精神分裂症等常见精神心理疾病诊治。,,,,,,,,
金峰松,新疆,伊犁,塔城地区人民医院,其他,耳鼻喉科,副主任医师,,3.0,,具有丰富的临床经验，具备处理本专业疑难复杂疾病的诊治能力,,,,,,,,
潘统快,新疆,伊犁,塔城地区人民医院,其他,耳鼻喉科,主治医师,,2.8,,对鼻出血，鼻炎，鼻窦炎，扁桃体炎，腺样体肥大，过敏性鼻炎，肥大性鼻炎，中耳炎，耳源性眩晕及外伤等疾病的诊治。,,,,,,,,
古力夏西·夏尔汗,新疆,伊犁,塔城地区人民医院,其他,耳鼻喉科,主治医师,,2.8,,耳鼻喉科常见疾病和多发疾病，如中耳炎，鼻息肉，扁桃体炎，过敏性鼻炎，各种耳聋耳鸣等疾病的诊治。,,,,,,,,
敖芸其其格,新疆,伊犁,塔城地区人民医院,其他,眼科,主治医师,,3.0,,眼科疾病的诊疗，尤其对干眼症、青光眼、白内障等疾病的诊疗。,,,,,,,,
沙丽哈·马那甫,新疆,伊犁,塔城地区人民医院,其他,眼科,副主任医师,,2.9,,在白内障超声乳化术、白内障囊外摘除术、人工晶体植入术、青光眼小梁切除术、虹膜周切术、玻璃体腔注药术、翼状胬肉切除术、自体结膜移植术、自体角膜缘干细胞移植术、眼外伤手术等方面的临床经验,,,,,,,,
吴林立,新疆,伊犁,塔城地区人民医院,其他,眼科,主治医师,,2.8,,对眼科各类眼表疾病、葡萄膜炎、青光眼、眼底病的诊治有着丰富的临床经验，擅长眼前节及眼底激光治疗、胬肉切除术、泪囊摘除术、抗青光眼术等手术。,,,,,,,,
哈米达·阿不都拉,新疆,伊犁,塔城地区人民医院,其他,全科医学科,副主任医师,,2.8,,对内科常见病及危重疾病，如高血压，冠心病，心力衰竭，心肌病的诊断及治疗具有丰富经验,,,,,,,,
高文昌,新疆,伊犁,塔城地区人民医院,其他,全科医学科,主治医师,,2.8,,中医特色疗法治疗各种软组织损伤、颈肩腰腿疼。针灸治疗脑梗死后遗症等。,,,,,,,,
麦尔亚,新疆,伊犁,塔城地区人民医院,其他,康复医学科,主任医师,,2.9,,擅长运用针灸、理疗、康复等方法治疗颈、肩、腰腿等急、慢性痛症、脑血管以外所致偏瘫及面瘫等病症。,,,,,,,,
陈永礼,新疆,伊犁,塔城地区人民医院,其他,康复医学科,住院医师,,2.8,,擅长运用针灸、推拿等方法治疗：颈椎病、肩周炎、腰痛、腰肌劳损、腰椎间盘突出、失眠、神经衰弱以及男性病症。,,,,,,,,
孟玉兰,新疆,伊犁,塔城地区人民医院,其他,重症医学科,副主任医师,,2.8,,各种严重休克、心力衰竭、心肌梗塞、严重代谢功能障碍、各种原因脑出血、脑梗赛、颅脑中上导致的昏迷；重大手术、操作、全麻术后。,,,,,,,,
单新强,新疆,伊犁,塔城地区人民医院,其他,重症医学科,主治医师,,2.8,,常见危重症患者的救治 ，特别是感染性休克、呼吸机治疗、ARDS、血液净化灯。,,,,,,,,
王学军,新疆,伊犁,塔城地区人民医院,其他,超声科,主任医师,,2.9,,精通各种超声检察项目，腹部组合，妇科组合，产科，浅表脏器、心脏及血管超声检查。,,,,,,,,
孙广平,新疆,伊犁,塔城地区人民医院,其他,麻醉科,主任医师,,2.9,,术后镇痛、可视喉镜、吸入麻醉、双腔气管插管、喉罩的应用等，能够解决本专业复杂、疑难手术麻醉的抢救治疗,,,,,,,,
孙宝峰,新疆,伊犁,塔城地区人民医院,其他,皮肤科,副主任医师,,3.3,,皮肤性病的诊疗,,,,,,,,
郭洁,新疆,伊犁,伊犁州中医医院,中医,神经内科,住院医师,,2.9,12,,"5,831次",0篇,12位,0位,0位,,,
陶志敏,新疆,伊犁,伊犁州中医医院,中医,神经内科,主任医师,,2.9,3,脑梗塞、帕金森病、头痛、睡眠障碍、焦虑抑郁障碍等疾病的诊治。,"3,015次",0篇,3位,0位,0位,,,
阿热艾,新疆,伊犁,伊犁州中医医院,中医,神经内科,副主任医师,,2.9,1,,"2,348次",0篇,1位,0位,0位,,,
梁新民,新疆,伊犁,伊犁州中医医院,中医,神经内科,主治医师,,2.8,2,,"2,540次",0篇,2位,0位,0位,,,
伍丽丽,新疆,伊犁,伊犁州中医医院,中医,神经内科,主治医师,,2.8,14,擅长脑梗死，脑出血，癫痫，眩晕病，睡眠障碍，焦虑和抑郁障碍等疾病诊断及治疗。,"4,869次",0篇,14位,0位,0位,,,
赵晶,新疆,伊犁,伊犁州中医医院,中医,神经内科,主治医师,,2.8,,,376次,0篇,0位,0位,0位,,,
王鹏伟,新疆,伊犁,伊犁州中医医院,中医,神经内科,住院医师,,2.8,,,"2,028次",0篇,0位,0位,0位,,,
王少康,新疆,伊犁,伊犁州中医医院,中医,神经内科,住院医师,,2.8,3,头晕，头疼，失眠，抑郁，焦虑，中风等神经内科疾病,"2,700次",0篇,3位,0位,0位,,,
康雄,新疆,伊犁,伊犁州中医医院,中医,骨科,主任医师,,3.3,40,1、运用中医正骨、中药外用、夹板固定或弹力石膏固定等方法为患者提供绿色的自然疗法。通过中医整脊的理筋、调曲、练功诊治脊源性疾病，治疗颈椎病、椎间盘突出症、椎管狭窄症、脊柱侧弯。2、手术治疗：四肢、关节骨折手术及微创内固定技术，近关节部位的微创复位固定；广泛开展人工股骨头、全髋关节、膝关节置换手术。开展腰椎间盘突出、腰椎管狭窄、胸腰椎骨折、滑脱的微创手术及内固定治疗。,"8,070次",0篇,40位,17位,17位,,,
胡飞,新疆,伊犁,伊犁州中医医院,中医,骨科,主治医师,,3.2,10,主要从事骨伤科的保守与手术治疗，如四肢骨折的手术治疗及临床康复指导，急、慢性颈、肩疼痛及腰、腿退行性骨关节病及软组织损伤的治疗，对老年性骨质疏松性骨折手术及保守治疗也有一定的研究。,"4,404次",0篇,10位,0位,0位,,,
庞虎,新疆,伊犁,伊犁州中医医院,中医,骨科,副主任医师,,3.2,2,,"2,929次",0篇,2位,0位,0位,,,
朱凌,新疆,伊犁,伊犁州中医医院,中医,骨科,主治医师,,3.2,,,"2,073次",0篇,0位,0位,0位,,,
江安努尔·这依肯,新疆,伊犁,伊犁州中医医院,中医,骨科,主治医师,,3.2,1,中西医结合治疗骨折创伤及各类常见骨病，髋、膝关节置换等,,0篇,1位,0位,0位,,,
马少荣,新疆,伊犁,伊犁州中医医院,中医,骨科,住院医师,,3.2,,对骨伤科常见疾病的诊断和治疗有一定的理解，擅长腰椎间盘突出症，颈椎病，膝关节退行性骨关节病,"2,028次",0篇,0位,0位,0位,,,
刘超,新疆,伊犁,伊犁州中医医院,中医,骨科,住院医师,,3.2,,,"1,967次",0篇,0位,0位,0位,,,
陈涛,新疆,伊犁,伊犁州中医医院,中医,肾病科,住院医师,,3.0,1,急慢性肾小球肾炎、肾功能衰竭、IgA肾病、继发性肾病的诊治，以及血液净化等的治疗,"4,942次",0篇,1位,0位,0位,,,
杨雪花,新疆,伊犁,伊犁州中医医院,中医,肾病科,副主任医师,,3.0,4,原发、继发肾小球疾病，急、慢性肾功能衰竭及血液透析治疗,"2,698次",0篇,4位,0位,0位,,,
焦宏丽,新疆,伊犁,伊犁州中医医院,中医,肾病科,副主任医师,,3.0,,急慢性肾小球肾炎、慢性肾衰竭、肾病综合征、糖尿病肾病、复杂性尿路感染等疾病的中西医结合诊治。对中医药治疗蛋白尿、血尿、延缓肾衰竭进展有较深入研究。,"1,373次",0篇,0位,0位,0位,,,
丽艳,新疆,伊犁,伊犁州中医医院,中医,肾病科,主治医师,,3.0,,肾病工作15年，擅长急.慢性肾脏病。急 慢性肾小球肾炎及继发性肾病。血液透析及透析后并发症的处理。,"2,011次",0篇,0位,0位,0位,,,
王利荣,新疆,伊犁,伊犁州中医医院,中医,肾病科,主治医师,,3.0,2,,"1,883次",0篇,2位,0位,0位,,,
徐昌安,新疆,伊犁,伊犁州中医医院,中医,肾病科,主治医师,,3.0,1,,"1,950次",0篇,1位,0位,0位,,,
王玉龙,新疆,伊犁,伊犁州中医医院,中医,肾病科,住院医师,,3.0,9,中、西医肾病、泌尿系感染、血液净化等,"2,946次",0篇,9位,0位,0位,,,
吴红,新疆,伊犁,伊犁州中医医院,中医,妇科,主任医师,,2.9,33,中西医结合治疗妇科内分泌疾病（如：月经失调，多囊卵巢综合症，高泌乳素血症，更年期综合征等），不孕症，妇科炎症性疾病，宫腔镜检查及手术,"6,684次",0篇,33位,0位,0位,,,
王雪丽,新疆,伊犁,伊犁州中医医院,中医,妇科,主治医师,,2.8,15,中医不孕症、月经失调、更年期、盆腔炎、阴道炎、先兆流产治疗。妇科腹腔镜治疗,"3,897次",0篇,15位,0位,0位,,,
何慧,新疆,伊犁,伊犁州中医医院,中医,妇科,主治医师,,2.8,3,妇科常见病及多发病。,"3,051次",0篇,3位,0位,0位,,,
沈钦文,新疆,伊犁,伊犁州中医医院,中医,妇科,住院医师,,2.8,2,妇科常见病的中西医结合治疗,"2,108次",0篇,2位,0位,0位,,,
唐娟,新疆,伊犁,伊犁州中医医院,中医,妇科,住院医师,,2.8,1,,"2,170次",0篇,1位,0位,0位,,,
陶玲,新疆,伊犁,伊犁州中医医院,中医,妇科,住院医师,,2.8,,,"1,775次",0篇,0位,0位,0位,,,
马强良,新疆,伊犁,伊犁州中医医院,中医,皮肤科,主治医师,,3.3,201,银屑病、湿疹、痤疮、面部皮炎；各类色斑病、色素痣、皮肤美容、微整形注射！疤痕、体表肿物手术切除！,"25,525次",4篇,201位,0位,0位,,,
于远栋,新疆,伊犁,伊犁州中医医院,中医,皮肤科,主治医师,,3.3,21,银屑病、湿疹、痤疮、面部皮炎、各类色素痣、皮肤美容、疤痕、面部注射，熟练掌握手术、物理等多方位皮肤病治疗手段,"7,127次",0篇,21位,0位,0位,,,
窦奕,新疆,伊犁,伊犁州中医医院,中医,皮肤科,住院医师,,3.1,62,湿疹、银屑病，痤疮、面部皮炎、荨麻疹、血管色素性皮肤病等常见皮肤病，熟练掌握多方位皮肤病治疗手段。,"24,741次",0篇,62位,2位,2位,,,
伊犁州中医医院皮肤科团队,新疆,伊犁,伊犁州中医医院,中医,皮肤科,,,,,,,,,,,,,
马駃,新疆,伊犁,伊犁州中医医院,中医,风湿免疫科,主治医师,,3.1,2,中西医结合治疗风湿免疫科疾病,"2,651次",0篇,2位,0位,0位,,,
刘洋,新疆,伊犁,伊犁州中医医院,中医,风湿免疫科,副主任医师,,3.1,6,风湿免疫疾病,"3,722次",0篇,6位,0位,0位,,,
田孟江,新疆,伊犁,伊犁州中医医院,中医,风湿免疫科,主治医师,,3.1,8,擅长中西医结合治疗类风湿关节炎，痛风性关节炎，强直性脊柱炎，系统性红斑狼疮,"4,478次",3篇,8位,0位,0位,,,
邓力荣,新疆,伊犁,伊犁州中医医院,中医,风湿免疫科,住院医师,,3.1,,,"2,409次",0篇,0位,0位,0位,,,
迪力夏提·买买提,新疆,伊犁,伊犁州中医医院,中医,针灸科,副主任医师,,3.1,6,面瘫、中风后遗症、骨关节病、颈椎病、腰椎间盘突出、肩周炎以及针刀、浮针治疗各种骨关节病,"3,227次",0篇,6位,0位,0位,,,
陈磊,新疆,伊犁,伊犁州中医医院,中医,针灸科,副主任医师,,3.1,7,诊治针灸科各种常见病：面神经炎、颈椎病、腰椎间盘突出症、网球肘、肩周炎、腱鞘炎、中风后遗症、带状疱疹、肋间神经痛及膝关节骨性关节炎等。,"3,009次",0篇,7位,0位,0位,,,
何宝,新疆,伊犁,伊犁州中医医院,中医,针灸科,住院医师,,3.0,3,具有丰富的颈肩腰腿疼及面神经炎治疗的临床经验,"2,447次",0篇,3位,0位,0位,,,
代尔曼,新疆,伊犁,伊犁州中医医院,中医,内分泌科,主任医师,,3.2,,擅长中西医结合治疗糖尿病及其急慢性并发症 ， 甲状腺疾病 ，肾上腺疾病，垂体疾病及代谢综合症，如高脂血症 高尿酸血症 痛风等，骨代谢疾病及高血压 冠心病等内科常见病及多发病。有23年诊治内科疾病的临床经验，曾多次在北京中日友好医院内分泌科，北京301医院内分泌科进修学习。,"2,369次",0篇,0位,0位,0位,,,
张璇,新疆,伊犁,伊犁州中医医院,中医,内分泌科,主治医师,,3.1,,擅长内分泌科代谢疾病的中西医诊治，如糖尿病、妊娠期糖尿病、糖尿病的急慢性并发症，甲状腺疾病，妊娠期甲状腺疾病，骨质疏松，代谢综合征等常见疾病的中西医诊断及治疗。,"1,931次",1篇,0位,0位,0位,,,
李静洁,新疆,伊犁,伊犁州中医医院,中医,内分泌科,主治医师,,3.1,3,,"2,913次",0篇,3位,0位,0位,,,
魏蕾,新疆,伊犁,伊犁州中医医院,中医,儿科,主治医师,,3.0,16,儿科呼吸、消化等常见病的中医治疗,"4,711次",0篇,16位,0位,0位,,,
李秋娟,新疆,伊犁,伊犁州中医医院,中医,儿科,主治医师,,3.0,,小儿内科常见疾病的诊治，如小儿呼吸系统感染、哮喘、腹泻等,"2,693次",0篇,0位,0位,0位,,,
赵伟,新疆,伊犁,伊犁州中医医院,中医,儿科,住院医师,,3.0,4,,"3,872次",0篇,4位,0位,0位,,,
乐燕,新疆,伊犁,伊犁州中医医院,中医,肿瘤科,主任医师,,3.3,,,"2,510次",0篇,0位,0位,0位,,,
秦冬莉,新疆,伊犁,伊犁州中医医院,中医,肿瘤科,副主任医师,,3.2,1,呼吸道肿瘤，消化道肿瘤，妇瘤，淋巴瘤，头颈部肿瘤等,"2,014次",0篇,1位,0位,0位,,,
王亚红,新疆,伊犁,伊犁州中医医院,中医,肿瘤科,副主任医师,,3.2,2,免疫性血小板减少症的诊断及中西医治疗；呼吸系统恶性肿瘤，消化系统恶性肿瘤，妇科恶性肿瘤等实体恶性肿瘤的诊断及中西医治疗。,"1,963次",0篇,2位,0位,0位,,,
许云,新疆,伊犁,伊犁州中医医院,中医,心内科,主治医师,,3.1,29,心内科常见病，多发病的中西医治疗，尤其是高血压，重症心衰病的治疗。,"7,435次",0篇,29位,24位,24位,,,
肖克来提·肖开提,新疆,伊犁,伊犁州中医医院,中医,心内科,住院医师,,3.0,6,冠心病，心力衰竭，心肌病，高血压病，肺心病等循环系统疾病,"2,902次",0篇,6位,0位,0位,,,
杨海,新疆,伊犁,伊犁州中医医院,中医,中医消化科,主治医师,,2.8,1,,"2,671次",0篇,1位,0位,0位,,,
冯燕妮,新疆,伊犁,伊犁州中医医院,中医,中医消化科,住院医师,,2.8,16,,"4,951次",0篇,16位,5位,5位,,,
艾力肯·艾沙江,新疆,伊犁,伊犁州中医医院,中医,耳鼻喉科,住院医师,,3.0,,,"1,731次",0篇,0位,0位,0位,,,
张涛,新疆,伊犁,伊犁州中医医院,中医,男科,副主任医师,,3.2,47,中西医诊疗男科常见病及多发病，主要擅长男性前列腺疾病，性功能障碍，不育症诊治及男女生殖健康咨询，无痛包皮切除手术及性传播疾病诊治。中医药古方诊疗普通内科杂病。,"12,706次",4篇,47位,14位,14位,,,
张键杨,新疆,伊犁,伊犁州中医医院,中医,肺病科,住院医师,,3.0,8,擅长急慢性支气管炎、肺部感染、哮喘、慢阻肺、肺心病、支气管扩张等呼吸科常见病种。,"3,192次",0篇,8位,0位,0位,,,
陈颖,新疆,伊犁,伊犁州中医医院,中医,老年病科,主治医师,,3.0,3,擅长心脑血管，内分泌，风湿免疫等老年疾病,,0篇,3位,0位,0位,,,
白宇峰,新疆,伊犁,伊犁州中医医院,其他,眼科,副主任医师,,3.3,34,视网膜脱离、糖尿病性视网膜病变、白内障、黄斑疾病、新生血管性青光眼、屈光不正等诊断及手术治疗。,"27,469次",0篇,34位,30位,31位,2,31例,21例
赵峰华,新疆,伊犁,伊犁州中医医院,其他,眼科,主任医师,,2.9,24,中西医结合眼底病、眼表疾病、葡萄膜疾病,"6,792次",0篇,24位,0位,0位,,,
贺新,新疆,伊犁,伊犁州中医医院,其他,眼科,主任医师,,3.0,68,青光眼，白内障，眼表疾病,"13,021次",0篇,68位,0位,0位,,,
常艳,新疆,伊犁,伊犁州中医医院,其他,眼科,主任医师,,2.9,30,,"6,299次",8篇,30位,0位,0位,,,
朱伶娟,新疆,伊犁,伊犁州中医医院,其他,眼科,主治医师,,2.8,9,小儿斜弱视 视光,"3,920次",0篇,9位,0位,0位,,,
张长路,新疆,伊犁,伊犁州中医医院,其他,眼科,主治医师,,2.8,2,眼科常见病、多发病的诊治，白内障、眼底病方向。,"2,163次",0篇,2位,0位,0位,,,
麻华伟,新疆,伊犁,伊犁州中医医院,其他,眼科,住院医师,,2.8,3,眼科常见病，特别是青光眼、眼底病的诊疗。,"2,443次",0篇,3位,0位,0位,,,
何丽丹,新疆,伊犁,伊犁州中医医院,其他,眼科,住院医师,,2.8,,,"1,790次",0篇,0位,0位,0位,,,
蒋民生,新疆,伊犁,伊犁州中医医院,其他,眼科,住院医师,,2.8,,,394次,0篇,0位,0位,0位,,,
黄明,新疆,伊犁,伊犁州中医医院,其他,肛肠科,主任医师,,2.9,2,从事肛肠专业32年，擅长诊治痔疮、肛周脓肿、肛瘘、肛周湿疹、炎症性肠病、结直肠肿瘤、便秘、肠道息肉等各种肛肠常见病及疑难病症，熟练掌握电子结肠镜的检查及肠镜下的治疗。,"3,961次",0篇,2位,0位,0位,,,
范培,新疆,伊犁,伊犁州中医医院,其他,肛肠科,主治医师,,2.9,15,混合痔、肛裂、肛瘘、肛周脓肿、便秘、慢性结直肠炎、溃疡性结直肠炎、结肠息肉等疾病的诊治,"5,633次",0篇,15位,0位,0位,,,
陈斌武,新疆,伊犁,伊犁州中医医院,其他,肛肠科,副主任医师,,2.8,5,擅长诊治混合痔，内痔，外痔，肛瘘，肛周脓肿，肛门瘙痒，肛裂，藏毛窦，肛门良性肿瘤，结肠炎，结直肠息肉，便秘，结直肠癌等,"4,467次",0篇,5位,0位,0位,,,
张浩亮,新疆,伊犁,伊犁州中医医院,其他,肛肠科,主治医师,,2.8,3,,"3,366次",0篇,3位,0位,0位,,,
张程亮,新疆,伊犁,伊犁州中医医院,其他,肛肠科,主治医师,,2.8,1,混合痔，肛裂，肛瘘，肛周脓肿，肠易激综合征，溃疡性结肠炎,"3,485次",0篇,1位,0位,0位,,,
赵晓伟,新疆,伊犁,伊犁州中医医院,其他,肛肠科,住院医师,,2.8,,,"2,632次",0篇,0位,0位,0位,,,
李磊,新疆,伊犁,伊犁州中医医院,其他,肛肠科,住院医师,,2.8,,,"2,005次",0篇,0位,0位,0位,,,
郭健,新疆,伊犁,伊犁州中医医院,其他,肛肠科,住院医师,,2.8,,混合痔，肛裂，肛瘘，肛周湿疹，肛周脓肿，急慢性结直肠炎等肛肠疾病,"2,538次",0篇,0位,0位,0位,,,
古丽娜·艾沙江,新疆,伊犁,伊犁州中医医院,其他,肛肠科,住院医师,,2.8,,肠道炎症性疾病、痔疮、肛裂、肛瘘、肛周脓肿、肛门瘙痒、便秘等疾病女性肛肠疾病，如产后便秘、腹痛、腹泻的治疗，特别针对女性的孕前、孕 期、产后痔疮、肛裂等常见疾病诊治有较为深入的研究,"2,119次",0篇,0位,0位,0位,,,
赵鹰,新疆,伊犁,伊犁州中医医院,其他,普外科,副主任医师,,2.8,5,,"2,680次",0篇,5位,0位,0位,,,
徐钊,新疆,伊犁,伊犁州中医医院,其他,普外科,主治医师,,2.8,3,擅长普外疾病的微创诊治，如腔镜胆囊、阑尾、疝、甲状腺等常见病。,"2,183次",0篇,3位,0位,0位,,,
木黑提·木哈买提,新疆,伊犁,伊犁州中医医院,其他,普外科,主治医师,,2.8,,,"1,906次",0篇,0位,0位,0位,,,
王礼锋,新疆,伊犁,伊犁州中医医院,其他,普外科,住院医师,,2.7,1,,"2,370次",0篇,1位,0位,0位,,,
刘志宏,新疆,伊犁,伊犁州中医医院,其他,普外科,住院医师,,2.7,,,"1,926次",0篇,0位,0位,0位,,,
任玉汝,新疆,伊犁,伊犁州中医医院,其他,高血压科,主治医师,,2.8,4,中西医结合高血压病防治,"3,361次",0篇,4位,0位,0位,,,
赵洁,新疆,伊犁,伊犁州中医医院,其他,高血压科,住院医师,,2.7,3,中西医结合治疗高血压病,"2,700次",1篇,3位,0位,0位,,,
余疆华,新疆,伊犁,伊犁州中医医院,其他,高血压科,住院医师,,2.7,,,"2,114次",0篇,0位,0位,0位,,,
王峰,新疆,伊犁,伊犁州中医医院,其他,口腔科,副主任医师,,2.9,37,,"5,756次",0篇,37位,0位,0位,,,
孙磊,新疆,伊犁,伊犁州中医医院,其他,口腔科,住院医师,,2.8,1,针对口腔常见病、多发病进行诊治、修复和预防工作，擅长各种儿童、青少年及成人错、畸形疑难病例的诊断治疗和口腔美容修复。,"2,512次",0篇,1位,0位,0位,,,
关双城,新疆,伊犁,伊犁州中医医院,其他,泌尿外科,主任医师,,2.9,1,擅长泌尿外科常见病及复杂疾病的诊断与治疗。如前列腺疾病，尿结石，女性膀胱炎等。,"2,243次",0篇,1位,0位,0位,,,
杨明,新疆,伊犁,伊犁州中医医院,其他,泌尿外科,主治医师,,2.8,20,擅长泌尿系统疾病诊治，擅长对男性前列腺炎、前列腺增生、前列腺癌及女性膀胱炎，泌尿系统结石、肿瘤等疾病的诊治。,"5,114次",0篇,20位,0位,0位,,,
董婧,新疆,伊犁,伊犁州中医医院,其他,治未病科,住院医师,,2.9,1,针灸，小儿推拿,"1,985次",0篇,1位,0位,0位,,,
刘茜,新疆,伊犁,伊犁州中医医院,其他,全科医学科,主治医师,,2.8,7,擅长中西医结合治疗内科常见疾病，如：眩晕、高血压、冠心病、脑梗塞等心脑血管疾病、慢性咳喘等呼吸系统疾病、常见消化系统疾病、糖尿病、老年痴 呆、帕金森、焦虑抑郁及骨质疏松等。,"2,713次",0篇,7位,0位,0位,,,
布娅·阿拉西,新疆,伊犁,伊犁州中医医院,其他,临床营养科,副主任医师,,2.9,5,慢性病、老年病、手术前后（围手术期）、放化疗肿瘤人群的临床营养治疗；对孩子身高、体重有顾虑的妈妈、家庭管饲营养人群（鼻饲、胃造口等）的营养指导,"11,477次",10篇,5位,3位,3位,,,
马火伞,新疆,伊犁,伊犁州中医医院,其他,康复科,主治医师,,2.8,,,"2,207次",0篇,0位,0位,0位,,,
杜帕·巴音其米格,新疆,伊犁,伊犁州中医医院,其他,精神科,主治医师,,2.8,,内科常见病，心脑血管，以及精神科：焦虑症，抑郁症，睡眠障碍，双相情感障碍，精神障碍等,"2,215次",0篇,0位,0位,0位,,,
胡瑞,新疆,伊犁,伊犁州中医医院,其他,重症医学科,副主任医师,,2.8,,,"1,781次",0篇,0位,0位,0位,,,
王丕胜,新疆,伊犁,新疆伊犁州奎屯市奎屯医院,内科,消化内科,主任医师,,2.8,,,,,,,,,,
赖力,新疆,伊犁,新疆伊犁州奎屯市奎屯医院,内科,消化内科,副主任医师,,2.8,,,,,,,,,,
王英,新疆,伊犁,新疆伊犁州奎屯市奎屯医院,内科,消化内科,副主任医师,,2.8,,,,,,,,,,
巴合达娜题·海沙尔,新疆,伊犁,新疆伊犁州奎屯市奎屯医院,内科,消化内科,副主任医师,,2.8,,,,,,,,,,
刘凤灵,新疆,伊犁,新疆伊犁州奎屯市奎屯医院,内科,消化内科,副主任医师,,2.8,,,,,,,,,,
梁文学,新疆,伊犁,新疆伊犁州奎屯市奎屯医院,内科,心血管内科,主任医师,,2.8,,擅长心血管急危重症、疑难病、糖尿病及甲状腺疾患诊疗，尤其擅长血管微创介入诊疗,,,,,,,,
努尔古丽·哈孜,新疆,伊犁,新疆伊犁州奎屯市奎屯医院,内科,心血管内科,主任医师,,2.8,,,,,,,,,,
朱建兵,新疆,伊犁,新疆伊犁州奎屯市奎屯医院,内科,心血管内科,副主任医师,,2.8,,,,,,,,,,
张雪丽,新疆,伊犁,新疆伊犁州奎屯市奎屯医院,内科,心血管内科,副主任医师,,2.8,,,,,,,,,,
余晓勇,新疆,伊犁,新疆伊犁州奎屯市奎屯医院,内科,神经内科,主任医师,,3.0,17,心脑血管疾病及内科常见病多发病的诊治,"24,387次",2篇,17位,1位,1位,,,
程宏,新疆,伊犁,新疆伊犁州奎屯市奎屯医院,内科,神经内科,副主任医师,,2.8,,,,,,,,,,
刘娜,新疆,伊犁,新疆伊犁州奎屯市奎屯医院,内科,神经内科,副主任医师,,2.8,,,,,,,,,,
王莉芳,新疆,伊犁,新疆伊犁州奎屯市奎屯医院,内科,内分泌科,副主任医师,,2.8,,,,,,,,,,
王芳,新疆,伊犁,新疆伊犁州奎屯市奎屯医院,内科,内分泌科,副主任医师,,2.8,,,,,,,,,,
南文莉,新疆,伊犁,新疆伊犁州奎屯市奎屯医院,内科,呼吸科,主任医师,,3.1,,擅长电子支气管镜技术，擅长治疗哮喘、慢性阻塞性肺病、支气管扩张、肺部感染、间质性肺炎、肺栓塞、睡眠呼吸暂停综合征、肺部肿瘤等疾病,,,,,,,,
贾涛,新疆,伊犁,新疆伊犁州奎屯市奎屯医院,内科,呼吸科,副主任医师,,3.0,,慢阻肺、哮喘等呼吸科常见疾病,"3,415次",0篇,0位,0位,0位,,,
杨春,新疆,伊犁,新疆伊犁州奎屯市奎屯医院,内科,急诊科,副主任医师,,2.8,,,,,,,,,,
塔扎别克·加依尔别克,新疆,伊犁,新疆伊犁州奎屯市奎屯医院,外科,骨科,主任医师,,3.0,5,关节外科常见疾病的诊治，如退行性骨关节病，膝、髋、肩关节置换；小儿骨科疾病的诊治，如发育性髋关节脱位，四肢骨折，四肢畸形，固定髋关节脱位，关节发育不良，先天性斜颈，脑伤后遗症等,"3,433次",0篇,5位,1位,1位,,,
胡有忠,新疆,伊犁,新疆伊犁州奎屯市奎屯医院,外科,骨科,主任医师,,2.9,82,关节镜下各个大关节膝、肩、踝、肘，髋关节疾病的诊治。关节软骨移植。微创治疗网球肘，慢性跟腱炎，踇趾矫形手术。各类微创治疗复杂创伤技术。胸腰椎复杂疾病的诊治。小儿骨科的诊治。手足外伤，足踝专科，皮瓣转移等手术治疗。骨质疏松的规范治疗。,"51,703次",19篇,82位,48位,50位,,,
敖永星,新疆,伊犁,新疆伊犁州奎屯市奎屯医院,外科,骨科,主任医师,,2.9,,,,,,,,,,
赵新勇,新疆,伊犁,新疆伊犁州奎屯市奎屯医院,外科,骨科,主任医师,,2.9,,从事骨与关节损伤和脑卒中疾病康复16年，擅长“偏瘫，脑瘫，截瘫”后的康复治疗及颈肩痛、腰腿痛、关节痛、运动损伤的诊治,,,,,,,,
田鹏,新疆,伊犁,新疆伊犁州奎屯市奎屯医院,外科,骨科,副主任医师,,2.8,,,,,,,,,,
杜曼·吐鲁木汗,新疆,伊犁,新疆伊犁州奎屯市奎屯医院,外科,骨科,副主任医师,,2.8,,,,,,,,,,
周威力,新疆,伊犁,新疆伊犁州奎屯市奎屯医院,外科,骨科,副主任医师,,2.8,,,,,,,,,,
贾绍龙,新疆,伊犁,新疆伊犁州奎屯市奎屯医院,外科,骨科,主治医师,,2.8,2,四肢骨折，运动损伤及退变引起的关节病变的治疗,"2,252次",0篇,2位,0位,0位,,,
易光杰,新疆,伊犁,新疆伊犁州奎屯市奎屯医院,外科,普外科,主任医师,,2.9,,,,,,,,,,
赵雪峰,新疆,伊犁,新疆伊犁州奎屯市奎屯医院,外科,普外科,副主任医师,,2.8,,擅长腹腔镜手术，对普外科相关疾病均能高质量的进行诊治。,,,,,,,,
陈少华,新疆,伊犁,新疆伊犁州奎屯市奎屯医院,外科,普外科,副主任医师,,2.8,,,,,,,,,,
张伟,新疆,伊犁,新疆伊犁州奎屯市奎屯医院,外科,泌尿外科,主任医师,,2.9,,专业擅长：擅长应用腹腔镜治疗泌尿外科各种疾病、经尿道前列腺电切术、泌尿系结石、泌尿系肿瘤的微创治疗、男科疾病及性转播疾病的诊治等,65次,0篇,0位,0位,0位,,,
谭嘉梦,新疆,伊犁,新疆伊犁州奎屯市奎屯医院,外科,泌尿外科,副主任医师,,2.9,,,,,,,,,,
米林,新疆,伊犁,新疆伊犁州奎屯市奎屯医院,外科,胸外科,主任医师,,2.9,,擅长胸腔镜微创手术治疗 ，对甲状腺癌、 乳腺癌规范化诊治有较高的造诣 。,,,,,,,,
何斌,新疆,伊犁,新疆伊犁州奎屯市奎屯医院,外科,神经外科,副主任医师,,2.8,,,,,,,,,,
马文强,新疆,伊犁,新疆伊犁州奎屯市奎屯医院,妇儿,儿科,副主任医师,,2.8,223,小儿发热、咳嗽喘息、小儿癫痫、抽动症、腹泻等,"165,155次",3篇,223位,11位,12位,,,
张鑫,新疆,伊犁,新疆伊犁州奎屯市奎屯医院,妇儿,儿科,副主任医师,,2.8,,,,,,,,,,
吴萍,新疆,伊犁,新疆伊犁州奎屯市奎屯医院,妇儿,儿科,副主任医师,,2.8,,,,,,,,,,
寇婉莉,新疆,伊犁,新疆伊犁州奎屯市奎屯医院,妇儿,儿科,住院医师,,2.7,,肺炎，哮喘,"5,619次",0篇,0位,0位,0位,,,
华欢欢,新疆,伊犁,新疆伊犁州奎屯市奎屯医院,妇儿,妇产科,主治医师,,3.0,139,妇科常见疾病的诊治,,0篇,0位,0位,0位,,,
代翠婷,新疆,伊犁,新疆伊犁州奎屯市奎屯医院,妇儿,妇产科,主任医师,,2.9,,,,,,,,,,
张东玲,新疆,伊犁,新疆伊犁州奎屯市奎屯医院,其他,麻醉科,主任医师,,2.9,,,,,,,,,,
哈盘·海衣达尔,新疆,伊犁,新疆伊犁州奎屯市奎屯医院,其他,麻醉科,副主任医师,,2.8,,,,,,,,,,
张存平,新疆,伊犁,新疆伊犁州奎屯市奎屯医院,其他,麻醉科,副主任医师,,2.8,,,,,,,,,,
杨兵,新疆,伊犁,新疆伊犁州奎屯市奎屯医院,其他,耳鼻喉科,副主任医师,,2.8,,,210次,0篇,0位,0位,0位,,,
杨志勇,新疆,伊犁,新疆伊犁州奎屯市奎屯医院,其他,耳鼻喉科,副主任医师,,2.8,,,,,,,,,,
杨立新,新疆,伊犁,新疆伊犁州奎屯市奎屯医院,其他,耳鼻喉科,副主任医师,,2.8,,,,,,,,,,
贾凤英,新疆,伊犁,新疆伊犁州奎屯市奎屯医院,其他,心电图,主任医师,,3.0,,心电图、脑电图,"3,355次",0篇,0位,0位,0位,,,
张莉莉,新疆,伊犁,新疆伊犁州奎屯市奎屯医院,其他,心电图,副主任医师,,2.8,,,,,,,,,,
王琳,新疆,伊犁,新疆伊犁州奎屯市奎屯医院,其他,中医科,主任医师,,3.1,,,,,,,,,,
陈卫华,新疆,伊犁,新疆伊犁州奎屯市奎屯医院,其他,中医科,副主任医师,,3.0,,,,,,,,,,
叶瑞,新疆,伊犁,新疆伊犁州奎屯市奎屯医院,其他,重症医学科,副主任医师,,2.8,,,,,,,,,,
陈睿,新疆,伊犁,新疆伊犁州奎屯市奎屯医院,其他,重症医学科,副主任医师,,2.8,,,,,,,,,,
李宇崚,新疆,伊犁,新疆伊犁州奎屯市奎屯医院,其他,口腔科,副主任医师,,2.9,,,,,,,,,,
付剑锐,新疆,伊犁,新疆伊犁州奎屯市奎屯医院,其他,口腔科,副主任医师,,2.9,,,,,,,,,,
王丕进,新疆,伊犁,新疆伊犁州奎屯市奎屯医院,其他,眼科,主任医师,,2.9,,擅长外伤性、复杂性等各类白内障、青光眼、各类眼底病、鼻泪道等疾病的诊断及治疗,,,,,,,,
贺玉红,新疆,伊犁,新疆伊犁州奎屯市奎屯医院,其他,眼科,副主任医师,,2.9,,,,,,,,,,
邹晗,新疆,伊犁,新疆伊犁州奎屯市奎屯医院,其他,肿瘤内科,主任医师,,2.8,,,,,,,,,,
王治华,新疆,伊犁,新疆伊犁州奎屯市奎屯医院,其他,肿瘤内科,副主任医师,,2.8,,,,,,,,,,
叶尔布拉提·道肯,新疆,伊犁,新疆伊犁州奎屯市奎屯医院,其他,病理科,副主任医师,,2.8,,,,,,,,,,
李玉玲,新疆,伊犁,新疆伊犁州奎屯市奎屯医院,其他,超声科,主任医师,,2.9,,,,,,,,,,
鲁淑琴,新疆,伊犁,新疆伊犁州奎屯市奎屯医院,其他,放射科,副主任医师,,3.1,,,,,,,,,,
岳宗栋,新疆,伊犁,新疆伊犁州奎屯市奎屯医院,其他,皮肤科,副主任医师,,3.2,13,皮肤科常见病,"14,879次",0篇,13位,6位,6位,,,
钱文胜,新疆,伊犁,新疆伊犁州奎屯市奎屯医院,其他,精神科,副主任医师,,2.8,,擅长精神分裂症、双相情感障碍、抑郁焦虑、老年精神病、青少年障碍等疾病的诊断与治疗,,,,,,,,
张文雯,新疆,伊犁,新疆新源县人民医院,内科,心血管内科,住院医师,,2.7,9,高血压、心脏病,"5,541次",0篇,9位,9位,9位,,,
苏军,新疆,伊犁,新疆新源县人民医院,内科,心血管内科,住院医师,,2.6,33,高血压，急慢性心衰，冠心病，心律失常，心肌病，高血脂等内科常见疾病的诊治,"8,954次",0篇,33位,32位,33位,,,
师俊亮,新疆,伊犁,新疆新源县人民医院,内科,心血管内科,主任医师,,2.5,,,,,,,,,,
李忠新,新疆,伊犁,新疆新源县人民医院,内科,心血管内科,主治医师,,2.5,24,心内科介入、常见病的诊治,"11,825次",0篇,24位,24位,24位,,,
管娅红,新疆,伊犁,新疆新源县人民医院,内科,心血管内科,住院医师,,2.5,105,高血压，急慢性心衰，冠心病，心律失常，心肌病，高血脂等内科常见疾病的诊治,"17,282次",2篇,105位,103位,104位,,,
何静,新疆,伊犁,新疆新源县人民医院,内科,心血管内科,住院医师,,2.5,309,高血压，急慢性心衰，冠心病，心律失常，心肌病，高血脂等内科常见疾病的诊治,"31,053次",0篇,309位,304位,309位,,,
邓波,新疆,伊犁,新疆新源县人民医院,内科,心血管内科,住院医师,,2.4,11,高血压，急慢性心衰，冠心病，心律失常，心肌病，高血脂等内科常见疾病的诊治,"7,309次",0篇,11位,11位,11位,,,
杨世臣,新疆,伊犁,新疆新源县人民医院,内科,神经内科,副主任医师,,2.5,4,脑血管病的中西医结合治疗等,"4,620次",0篇,4位,0位,0位,,,
潘毅,新疆,伊犁,新疆新源县人民医院,内科,神经内科,主任医师,,2.5,,,,,,,,,,
花国旺,新疆,伊犁,新疆新源县人民医院,内科,神经内科,住院医师,,2.5,5,脑血管病、癫痫、周围神经病、头痛、头晕等常见病、多发病的诊治,"4,498次",0篇,5位,5位,5位,,,
梁凡,新疆,伊犁,新疆新源县人民医院,内科,神经内科,住院医师,,2.5,1,神经内科常见疾病的诊治,"3,008次",0篇,1位,0位,0位,,,
王雪花,新疆,伊犁,新疆新源县人民医院,内科,内科,主任医师,,2.5,,,,,,,,,,
翟梅玲,新疆,伊犁,新疆新源县人民医院,内科,内科,副主任医师,,2.5,,,,,,,,,,
魏福,新疆,伊犁,新疆新源县人民医院,内科,内分泌科,主治医师,,2.7,163,糖尿病及其并发症，甲状腺疾病，以及垂体、性腺、肾上腺等疾病的诊治,"24,686次",2篇,163位,0位,0位,,,
王京晶,新疆,伊犁,新疆新源县人民医院,内科,感染内科,副主任医师,,2.5,,,,,,,,,,
甘金刚,新疆,伊犁,新疆新源县人民医院,内科,消化内科,副主任医师,,2.5,,,,,,,,,,
陶玉平,新疆,伊犁,新疆新源县人民医院,外科,骨科,主任医师,,2.5,,,,,,,,,,
阿扎提·哦拉孜拜,新疆,伊犁,新疆新源县人民医院,外科,骨科,副主任医师,,2.5,,,,,,,,,,
邓玉刚,新疆,伊犁,新疆新源县人民医院,外科,骨科,副主任医师,,2.5,,,,,,,,,,
周开平,新疆,伊犁,新疆新源县人民医院,外科,外科,主任医师,,2.5,,,,,,,,,,
史红娜,新疆,伊犁,新疆新源县人民医院,外科,外科,副主任医师,,2.5,,,,,,,,,,
马俊华,新疆,伊犁,新疆新源县人民医院,外科,神经外科,主治医师,,2.7,,脑血管病，颅脑外伤等疾病的诊治,"4,038次",0篇,0位,0位,0位,,,
刘振,新疆,伊犁,新疆新源县人民医院,外科,神经外科,住院医师,,2.4,3,脑血管病，颅脑外伤等疾病的诊治,"4,562次",0篇,3位,3位,3位,,,
侯周鹏,新疆,伊犁,新疆新源县人民医院,外科,泌尿外科,副主任医师,,2.6,,,,,,,,,,
黄永生,新疆,伊犁,新疆新源县人民医院,妇儿,妇产科,主任医师,,2.5,,,,,,,,,,
孟丽,新疆,伊犁,新疆新源县人民医院,妇儿,妇产科,副主任医师,,2.5,,,,,,,,,,
黄雪梅,新疆,伊犁,新疆新源县人民医院,妇儿,儿科,副主任医师,,2.5,1,儿科消化道疾病,,0篇,1位,0位,0位,,,
叶东升,新疆,伊犁,新疆新源县人民医院,其他,眼科,主任医师,,2.6,,,,,,,,,,
李鹏程,新疆,伊犁,新疆新源县人民医院,其他,眼科,副主任医师,,2.5,,,,,,,,,,
杨青松,新疆,伊犁,新疆新源县人民医院,其他,眼科,副主任医师,,2.5,,,,,,,,,,
张江品,新疆,伊犁,新疆新源县人民医院,其他,医学影像科,主任医师,,2.6,,,,,,,,,,
李军,新疆,伊犁,新疆新源县人民医院,其他,医学影像科,副主任医师,,2.5,,,,,,,,,,
楚启云,新疆,伊犁,新疆新源县人民医院,其他,药剂科,副主任药师,,2.5,,,,,,,,,,
王素霞,新疆,伊犁,新疆新源县人民医院,其他,康复科,副主任医师,,2.5,,,,,,,,,,
陈美娟,新疆,伊犁,新疆新源县人民医院,其他,中医科,副主任药师,,2.6,,,,,,,,,,
王瑞凯,新疆,伊犁,新疆新源县人民医院,其他,口腔科,副主任医师,,2.5,,,,,,,,,,
王东虹,新疆,伊犁,新疆新源县人民医院,其他,超声科,副主任医师,,2.5,,,,,,,,,,
吴秀英,新疆,伊犁,伊犁州新华医院,内科,神经内科,主任医师,,2.9,,脑血管疾病，在神经科常见病、多发病及疑难疾病诊治,,,,,,,,
帕提曼·阿布都克力木,新疆,伊犁,伊犁州新华医院,内科,神经内科,主任医师,,2.9,,,,,,,,,,
亚生·肉孜,新疆,伊犁,伊犁州新华医院,内科,神经内科,副主任医师,,2.8,,内科急诊及重症疾病、急诊神经内科及神经重症,,,,,,,,
曾圣涛,新疆,伊犁,伊犁州新华医院,内科,感染科,副主任医师,,2.9,,各类急、慢性肝病及普通传染病的诊治,,,,,,,,
王黎,新疆,伊犁,伊犁州新华医院,内科,感染科,住院医师,,2.8,2,,245次,0篇,2位,0位,0位,,,
关黎清,新疆,伊犁,伊犁州新华医院,内科,内分泌科,主任医师,,3.0,,糖尿病急慢性并发症诊治及糖尿病足介入治疗、甲状腺疾病、代谢性骨病、内分泌性高血压、垂体、肾上腺、性腺疾病；糖尿病酮症酸中毒、高血糖高渗综合征、胰岛素过敏、糖尿病皮肤病变、严重糖尿病神经病变、糖尿病足介入治疗、难治性甲亢、妊娠期甲状腺疾病、骨质疏松症的规范诊治、甲状旁腺功能亢进症、甲状旁腺功能减退症、垂体瘤、原发性醛固酮增多症、嗜铬细胞瘤、库欣综合征、尿崩症、巨人症和肢端肥大症、腺垂体功能减退症、侏儒症、原发性慢性肾上腺皮质功能减退症、慢性继发性肾上腺皮质功能减退症、肥胖症、甲亢危像、粘液性水肿昏迷、垂体危像、肾上腺危像、高钙危像等内分泌领域疑难危重症,,,,,,,,
夏米西努·吾斯曼,新疆,伊犁,伊犁州新华医院,内科,内分泌科,主任医师,,2.9,,糖尿病及其慢性并发症诸如糖尿病周围神经病变、糖尿病肾病及糖尿病足的综合诊治。对肥胖症、甲状腺疾病、甲状旁腺疾病、妊娠合并甲状腺疾病、妊娠期糖尿病、多囊卵巢综合症、痛风、高脂血症等内分泌代谢性疾病,,,,,,,,
郭雯,新疆,伊犁,伊犁州新华医院,内科,肾病风湿科,主任医师,,2.8,,原发性肾小球肾炎、肾病综合征和多种继发性肾脏病(糖尿病肾病、狼疮肾炎，血管炎肾损害）及自身免疫疾病（类风湿关节炎，干燥综合征，强直性脊柱炎，自身免疫性肝病等）的诊治,,,,,,,,
祖力皮亚·艾克拜,新疆,伊犁,伊犁州新华医院,内科,肾病风湿科,副主任医师,,2.9,,各种肾小球肾炎、肾病综征、急、慢性肾功能衰竭、复杂尿路感染、狼疮肾炎、痛风、类风湿性关节炎及其他自身免疫性疾病的治疗。,,,,,,,,
颜武书,新疆,伊犁,伊犁州新华医院,内科,消化肿瘤血液内科,副主任医师,,2.8,,,,,,,,,,
陈春玲,新疆,伊犁,伊犁州新华医院,内科,消化肿瘤血液内科,副主任医师,,2.8,,慢性胃炎、消化性溃疡，食管癌、胃癌、胃食管反流病、功能性消化不良、溃疡性结肠炎、克罗恩病、肝硬化及其并发症、脂肪性肝病、消化道出血、急慢性胰腺炎、结核性腹膜炎等,,,,,,,,
贺宙斌,新疆,伊犁,伊犁州新华医院,内科,心血管内科,主任医师,,2.8,,“冠心病支架植入术”“心脏双腔、三腔起搏器植入术”、“心脏埋藏式心律转复除颤器植入术（ICD）”“主动脉球囊反搏术（IABP）”、“冠状动脉压力导丝测定（FFR）”、“主动脉夹层覆膜支架植入术”、“先天性心脏病介入封堵术”、“急性大面积肺栓塞急症溶栓治疗”、“冠脉自发夹层支架置入术”、“左室造影”、“肾动脉造影”等心血管介入手术,,,,,,,,
张璇,新疆,伊犁,伊犁州新华医院,内科,心血管内科,主任医师,,2.8,,各种心血管急危重症能积极、及时、准确的诊断处理，对冠心病、高血压、风湿性心脏病、心律失常、心力衰竭等各种疾病的诊治有丰富的临床经验。尤其是擅长冠脉介入，心脏临时，永久起搏器植入与心电生理学检查，射频消融术等介入治疗,,,,,,,,
安瑞芬,新疆,伊犁,伊犁州新华医院,内科,呼吸与危重症医学科,主任医师,,3.1,,呼吸机使用、电子支气管镜检查，对各种呼吸道疾病，慢性咳嗽，胸腔积液等疾病，都具有丰富的诊治经验。近年主持开展新技术新业务主要有： 支气管镜检查技术、肺功能检查技术、无创呼吸机治疗各型呼吸衰竭、有创通气治疗呼吸衰竭,,,,,,,,
杨玲,新疆,伊犁,伊犁州新华医院,内科,血液内科,副主任医师,,2.8,,诊治各种贫血、血小板减少症、全血细胞减少症；急性白血病、骨髓瘤、淋巴瘤；再生障碍性贫血、骨髓增生异常综合征、骨髓增殖性肿瘤、免疫学全血细胞减少等常见病，能解决本专业复杂、疑难、危重疾病的诊疗，尤其是与第三方检验康盛环球北京海斯特检验中心合作，开展流式细胞术、融合基因、染色体、骨髓活检术等相关检查，提高了多种血液疾病的确诊率，尤其是急性白血病、淋巴瘤、骨髓瘤的精准分层诊疗,,,,,,,,
刘生霞,新疆,伊犁,伊犁州新华医院,外科,普外科,主任医师,,2.9,,优生遗传咨询、妇产科各类急危重症及疑难病人、产科合并症及并发症治疗、各类难产的处理；产科危急重症病人的救治工作：产后出血、前置胎盘、胎盘早剥、妊娠合并心脏病、妊娠高血压疾病、产褥感染、新生儿窒息复苏、剖宫产术中子宫切除、子宫动脉缝扎、子宫压迫缝合、难产阴道助产技术,,,,,,,,
居热提·卡斯木,新疆,伊犁,伊犁州新华医院,外科,普外科,主任医师,,2.9,,肝、胆、胰、胃肠外科疑难疾病诊治；结直肠、甲状腺微创手术,,,,,,,,
苏来曼·叶斯马肯,新疆,伊犁,伊犁州新华医院,外科,普外科,主任医师,,2.9,,肝胆胰腺外科，甲状腺乳腺外科，微创外科手术，在肝胆胰腺外科疾病 包虫病及乳腺甲状腺外科疑难疾病的诊治手术治疗,,,,,,,,
甫拉提·沙提尔,新疆,伊犁,伊犁州新华医院,外科,普外科,主任医师,,2.9,,肝、胆、胰、胃肠外科疑难疾病诊治；结直肠、甲状腺微创手术,,,,,,,,
塞都拉木·艾白都拉木,新疆,伊犁,伊犁州新华医院,外科,泌尿外科,主任医师,,2.9,,泌尿系肿瘤、肾上腺外科、泌尿内腔镜技术，泌尿系结石，泌尿系常见疾病及男性专科,,,,,,,,
吐尔孙塔依,新疆,伊犁,伊犁州新华医院,外科,骨科,主治医师,,2.9,11,"儿童骨折的治疗；
儿童髋关节疾病的诊治；
成人关节疾患的诊治；",,0篇,0位,0位,0位,,,
哈力提·哈力木拉提,新疆,伊犁,伊犁州新华医院,外科,胸外科,住院医师,,2.8,,擅长肺癌，食管癌等疾病的诊断和治疗等,,0篇,0位,0位,0位,,,
王娟,新疆,伊犁,伊犁州新华医院,妇儿,妇科,副主任医师,,2.8,,妇科急危重症患者，熟练解决妇科疑难病症，熟完成妇科各级各类手术操作；妇科宫腔镜、腹腔镜等微创手术及妇科内分泌疾病的诊治,,,,,,,,
李新,新疆,伊犁,伊犁州新华医院,妇儿,妇科,主治医师,,2.8,309,宫颈相关疾病，阴道炎，妇科内分泌，产前咨询，妇科常规手术、剖宫产。,"346,070次",4篇,309位,5位,5位,,,
倪文静,新疆,伊犁,伊犁州新华医院,妇儿,产科,副主任医师,,2.9,,围产期保健医学、产科危急重症病人的救治工作：产后出血、前置胎盘、胎盘早剥、妊娠合并心脏病、妊娠高血压疾病、产褥感染、新生儿窒息复苏、剖宫产术中子宫切除、子宫动脉缝扎、子宫压迫缝合、难产阴道助产技术，等。同时擅长中西医结合治疗妇科月经失调、更年期综合症等疾病,,,,,,,,
李勇奇,新疆,伊犁,伊犁州新华医院,其他,介入科,副主任医师,,2.8,,各类肿瘤的介入治疗及外周各部血管造影和诊断治疗，对糖尿病足病、女性继发不孕输卵管再通、肝血管瘤、股骨头缺血性坏死、脾功能亢进、布加综合症、下腔静脉滤器置入、宫外孕妊娠终止、脑血管造影的介入治疗,,,,,,,,
崔青阳,新疆,伊犁,伊犁州新华医院,其他,介入科,主治医师,,2.8,,各类实体肿瘤介入栓塞治疗及穿刺活检术，各类血管造影、血管成型及介入栓塞治疗术，糖尿病足综合治疗，下肢静脉曲张硬化治疗，下肢深静脉血栓，肺动脉栓塞综合介入治疗，各种出血介入治疗，食道、胆道支架植入，十二指肠营养管植入，肠梗阻导管植入，子宫肌瘤介入治疗，子宫腺肌症介入治疗，宫颈癌介入治疗，子宫输卵管梗阻的介入再通治疗，输液港植入，脑血管造影，血液透析通路闭塞相关介入治疗等,,,,,,,,
王运升,新疆,伊犁,伊犁州新华医院,其他,耳鼻喉科,副主任医师,,2.8,,各类鼻内窥镜下鼻腔、鼻窦疾病及鼻肿瘤的手术治疗，尤其擅长口咽部病变的诊疗及手术治疗，可熟练进行喉腔、气管、中耳等相关疾病的诊疗及手术治疗,,,,,,,,
帕丽达·木塔西,新疆,伊犁,伊犁州新华医院,其他,耳鼻喉科,副主任医师,,2.8,,,,,,,,,,
锦兰,新疆,伊犁,伊犁州新华医院,其他,全科医学科,主任医师,,2.8,,急性心肌梗死、急性心力衰竭、难治性心力衰竭、心源性休克、恶性心律失常等危重疾病的治疗及抢救,,,,,,,,
刘海英,新疆,伊犁,伊犁州新华医院,其他,口腔科,副主任医师,,3.0,2,"儿童及成人的龋病牙髓病,根尖周并的修复治疗，开展了年轻恒牙的牙外伤的序列治疗、断冠再接术及儿童早期错牙合畸形及间隙管理与预成冠的修复技术、成人的前后的美容美学修复疑难根管再治疗了，冠根一体化等技术。","4,792次",3篇,2位,0位,0位,,,
梁丽云,新疆,伊犁,伊犁州新华医院,其他,麻醉科,主任医师,,3.0,,临床麻醉、疼痛治疗,"5,339次",0篇,0位,0位,0位,,,
艾拉提·阿布都拉,新疆,伊犁,伊犁州新华医院,其他,皮肤科,主任医师,,3.2,,白癜风银屑病等各种慢性皮肤病诊断治疗，各种急性过敏的诊断治疗，各种性病 心理援肋和诊断治疗，各种小儿皮肤病诊断治疗，各种皮肤肿瘤诊断治疗,,,,,,,,
袁雪花,新疆,伊犁,伊犁州妇幼保健院,妇产科学,产科,主任医师,,3.1,348,产科常见疾病诊治，产前诊断与筛查，以及相关心理咨询,"37,643次",0篇,348位,18位,18位,,,
张欣,新疆,伊犁,伊犁州妇幼保健院,妇产科学,产科,副主任医师,,2.9,66,,"10,252次",0篇,66位,0位,0位,,,
李璇,新疆,伊犁,伊犁州妇幼保健院,妇产科学,产科,副主任医师,,2.9,35,产前保健，妊娠期糖尿病营养指导,"7,170次",0篇,35位,0位,0位,,,
吴小玲,新疆,伊犁,伊犁州妇幼保健院,妇产科学,产科,副主任医师,,2.9,,高危产科、各种难产处理、产科合并症,,,,,,,,
唐晖,新疆,伊犁,伊犁州妇幼保健院,妇产科学,产科,副主任医师,,2.9,,产科内分泌疾病（妊娠期糖尿病、妊娠期甲状腺疾病等）、高危妊娠、产科合并症及围产保健,,,,,,,,
加孜拉·马拉力别克,新疆,伊犁,伊犁州妇幼保健院,妇产科学,产科,主治医师,,2.8,25,产科常见病，各种合并症及并发症诊治。,"6,188次",0篇,25位,0位,0位,,,
周雪梅,新疆,伊犁,伊犁州妇幼保健院,妇产科学,产科,主治医师,,2.8,50,产科常见疾病及其并发症的诊治及相关心理咨询！,"15,350次",15篇,50位,1位,1位,,,
胡凌杰,新疆,伊犁,伊犁州妇幼保健院,妇产科学,妇科,副主任医师,,2.8,,,,,,,,,,
伊晓娟,新疆,伊犁,伊犁州妇幼保健院,妇产科学,妇科,主治医师,,2.8,97,妇科常见病，疑难病，计划生育，妇科恶性肿瘤的诊治，妇科微创手术，如宫腔镜，腹腔镜手术等。,"15,534次",0篇,97位,1位,1位,,,
纪爱玲,新疆,伊犁,伊犁州妇幼保健院,妇产科学,计划生育科,副主任医师,,2.8,,,,,,,,,,
熊海清,新疆,伊犁,伊犁州妇幼保健院,其他,儿科,主任医师,,2.7,,肺炎，婴儿腹泻,"7,321次",0篇,0位,0位,0位,,,
顾文红,新疆,伊犁,伊犁州妇幼保健院,其他,儿科,副主任医师,,2.8,,儿科呼吸及消化系统疾病、儿科急救、儿科疑难病、急危重症的诊治,,,,,,,,
苏强,新疆,伊犁,伊犁州妇幼保健院,其他,儿科,主治医师,,2.7,17,儿科相关 呼吸系统疾病,"12,035次",0篇,17位,15位,15位,,,
郭庆,新疆,伊犁,伊犁州妇幼保健院,其他,儿科,主治医师,,2.5,25,小儿肺炎、小儿腹泻等,"20,731次",0篇,25位,20位,20位,,,
郭小芹,新疆,伊犁,伊犁州妇幼保健院,其他,生殖医学科,主任医师,,3.1,868,不孕症、试管婴儿、妇科生殖内分泌疾病的诊治,"110,113次",0篇,868位,83位,83位,,,
燕敏,新疆,伊犁,伊犁州妇幼保健院,其他,生殖医学科,主治医师,,2.9,43,不孕不育的诊治,"10,069次",2篇,43位,1位,1位,,,
刘婧,新疆,伊犁,伊犁州妇幼保健院,其他,生殖医学科,主治医师,,2.8,,,"2,041次",0篇,0位,0位,0位,,,
柏静,新疆,伊犁,伊犁州妇幼保健院,其他,乳腺外科,主治医师,,2.9,51,乳腺非哺乳期乳腺炎，良恶性疾病的综合治疗,"12,016次",0篇,51位,17位,17位,,,
靳疆,新疆,伊犁,伊犁州妇幼保健院,其他,乳腺外科,主治医师,,2.8,8,乳腺良恶性肿瘤的诊断，治疗及手术,"3,664次",0篇,8位,0位,0位,,,
马珲,新疆,伊犁,伊犁州妇幼保健院,其他,乳腺外科,住院医师,,2.8,3,哺乳期乳腺炎及乳腺良恶性疾病的诊治。,"2,450次",0篇,3位,0位,0位,,,
陆嘉荣,新疆,伊犁,伊犁州妇幼保健院,其他,新生儿科,主任医师,,2.9,,新生儿危重症、新生儿窒息复苏、早产儿管理、新生儿急救,,,,,,,,
牛爱萍,新疆,伊犁,伊犁州妇幼保健院,其他,新生儿科,主任医师,,2.8,,新生儿危重症、新生儿窒息复苏、早产儿管理、新生儿急救,,,,,,,,
萨格拉,新疆,伊犁,伊犁州妇幼保健院,其他,新生儿科,副主任医师,,2.8,,,,,,,,,,
许婷婷,新疆,伊犁,伊犁州妇幼保健院,其他,眼科,主治医师,,2.9,5,,,0篇,0位,0位,0位,,,
张富岚,新疆,伊犁,伊犁州妇幼保健院,其他,疼痛科,主任医师,,3.0,,,133次,0篇,0位,0位,0位,,,
焦新霞,新疆,伊犁,伊犁州妇幼保健院,其他,医疗美容科,副主任医师,,2.8,,,,,,,,,,
葛玮东,新疆,伊犁,伊犁州妇幼保健院,其他,儿童保健科,主治医师,,2.8,5,,"3,751次",0篇,5位,0位,0位,,,
刘斌,新疆,伊犁,伊犁州妇幼保健院,其他,小儿康复科,主治医师,,2.9,4,小儿康复 成人腰腿痛风湿骨病 中风等及中医儿科常见疾病的诊治。,"13,112次",0篇,4位,1位,1位,,,
唐祖利,新疆,伊犁,伊宁县人民医院,内科,呼吸、皮肤科（内三科）,主任医师,,2.9,,呼吸系统各种疑难重症诊治等,,,,,,,,
佳那提古丽·买买提依明,新疆,伊犁,伊宁县人民医院,内科,呼吸、皮肤科（内三科）,副主任医师,,2.7,,"心血管科,呼吸科,消化科,血液科的各种常见病及疑难疾病的诊断及治疗",,,,,,,,
艾孜木·吾在热,新疆,伊犁,伊宁县人民医院,内科,呼吸、皮肤科（内三科）,副主任医师,,2.7,,内科心血管及危重症的抢救、诊断治疗,,,,,,,,
刘林志,新疆,伊犁,伊宁县人民医院,内科,神经内科,住院医师,,2.5,1,帕金森等神经内科疾病,"3,404次",0篇,1位,1位,1位,,,
黄春玲,新疆,伊犁,伊宁县人民医院,内科,神经内科,副主任医师,,2.5,,普内及神经内科、精神卫生科常见病、多发病的诊治,,,,,,,,
郭芯,新疆,伊犁,伊宁县人民医院,内科,神经内科,住院医师,,2.4,1,脑梗塞、帕金森、高血压,"4,457次",0篇,1位,1位,1位,,,
李宏伟,新疆,伊犁,伊宁县人民医院,内科,消化、肿瘤内科（内四科）,主治医师,,2.7,2,消化内镜下的诊断与治疗，消化道肿瘤等,,0篇,0位,0位,0位,,,
刘彬,新疆,伊犁,伊宁县人民医院,内科,消化、肿瘤内科（内四科）,主治医师,,2.4,,消化系统肝胆、脾胃疾病及冈湿病的中医治疗,,,,,,,,
邹志文,新疆,伊犁,伊宁县人民医院,内科,心血管、血液科（内一科）,副主任医师,,2.6,,心血管、介入治疗,,,,,,,,
塔吉古丽·司马义,新疆,伊犁,伊宁县人民医院,内科,心血管、血液科（内一科）,主任医师,,2.5,,急诊内科常见病及多发病的诊治,,,,,,,,
路其龙,新疆,伊犁,伊宁县人民医院,内科,肾病内科,副主任医师,,2.7,,慢性肾功能衰竭，肾病综合征，以及血液净化,"3,101次",0篇,0位,0位,0位,,,
李惠娟,新疆,伊犁,伊宁县人民医院,内科,内分泌科,主任医师,,2.7,,神经内科、糖尿病等方面的诊断治疗。,,,,,,,,
夏克源,新疆,伊犁,伊宁县人民医院,外科,骨科,副主任医师,,2.7,,脊柱、四肢创伤及骨病的治疗,,,,,,,,
阿布都艾尼·海比尔,新疆,伊犁,伊宁县人民医院,外科,骨科,副主任医师,,2.7,,"四肢骨折的髓内钉重建手术，在四肢长管状骨、累及关节的粉碎性复杂骨折，用微创经皮置入股骨近端髓内钉（PFNA）治疗老年转子间骨折, MIPPO技术治疗踝关节周围骨折，膝髋关节置换术，关节镜下膝关节诊治术，前后十字韧带断裂重建术，半月板修复术，关节镜下膝关节游离体取出术，胸腰椎骨折后路切开椎弓根钉棒内固定术，胸腰椎结核前路，后路病灶清除，植骨融合内固定术，腰椎间盘突出症髓核摘除术，各种小儿先天畸形矫形术。皮瓣大面积坏死缺损清创VSD负压引流术，皮瓣转移术，肌腱损伤修复，四肢结核病灶清除，骨髓炎的病灶清除术等方面有丰富的临床经验。",,,,,,,,
谌海方,新疆,伊犁,伊宁县人民医院,外科,骨科,住院医师,,2.6,,骨关节创伤,"3,418次",0篇,0位,0位,0位,,,
吾买尔江·麦麦提力,新疆,伊犁,伊宁县人民医院,外科,骨科,主治医师,,2.5,3,关节、脊柱骨病及创伤骨折治疗及协助病情康复恢复,498次,0篇,3位,2位,2位,,,
孟克,新疆,伊犁,伊宁县人民医院,外科,普外科,主任医师,,2.8,,外科疑难重症、急诊、急救和包虫病的诊治,,,,,,,,
宋珍,新疆,伊犁,伊宁县人民医院,外科,普外科,副主任医师,,2.6,,普外科肝胆、胃肠及肿瘤的诊治,,,,,,,,
杨红军,新疆,伊犁,伊宁县人民医院,外科,普外科,副主任医师,,2.5,,外科的常见病、侈发病及疑难病症的诊治，完成腹腔镜下胆囊切除术及阑尾切除术等微创手术、开展了腹壁疝无张力修补术、腹腔镜下小儿疝内环口关闭术、小儿隐睾降位术、腹腔镜下精索静脉曲张结扎术的。,,,,,,,,
李静卓,新疆,伊犁,伊宁县人民医院,外科,神经外科,副主任医师,,2.6,,脑外科疾病的诊治,,,,,,,,
王晓云,新疆,伊犁,伊宁县人民医院,妇儿,儿科,主任医师,,2.7,,各种儿童常见病、多发病及疑难病结合临床资料进行周密系统的中和分析后独立做出完整准确的临床诊断及治疗,,,,,,,,
聂晶鑫,新疆,伊犁,伊宁县人民医院,妇儿,儿科,副主任医师,,2.6,,儿科常见病、多发病的诊断和治疗。对儿科急危重症患者的抢救，婴儿腹泻并III°脱水、急性肾炎并中毒性脑病、婴儿手足搐溺症、中毒性痢疾等抢救有丰富的临床经验,,,,,,,,
沙塔尔,新疆,伊犁,伊宁县人民医院,妇儿,儿科,主治医师,,2.5,,儿科常见病多发病的诊断与治疗,,,,,,,,
阿斯亚木·买买提明,新疆,伊犁,伊宁县人民医院,妇儿,儿科,主治医师,,2.5,,儿科常见病、多发病的诊治,,,,,,,,
杨成林,新疆,伊犁,伊宁县人民医院,妇儿,妇产科,副主任医师,,2.6,,做阴式子宫切除、子宫肌瘤剔除、阴道前后壁修补等各种阴式系列妇科手术。,,,,,,,,
韩菊香,新疆,伊犁,伊宁县人民医院,妇儿,妇产科,主任医师,,2.8,,在产科方面：熟练掌握妊娠期高血压疾病、前置胎盘、胎盘早剥、子宫破裂的急救处理；在妇科方面：不仅熟练掌握各种急症的抢救原则，且能熟练完成经腹子宫次、全切除术，附件切除术，卵巢囊肿剥除术等常见妇科手术。,,,,,,,,
李远征,新疆,伊犁,伊宁县人民医院,其他,重症医学科,副主任医师,,2.5,,对心肺脑复苏、机械通气、严重感染及感染性休克、多脏器功能衰竭、各种原因引起的呼吸衰竭、急重症心衰、重症心律失常、心及脑梗患者的溶栓治疗、急性中毒的抢救、各种大手术术后、急性颅脑外伤等急危重症患者的救治。,,,,,,,,
赵洪卫,新疆,伊犁,伊宁县人民医院,其他,重症医学科,副主任医师,,2.6,,于高血压急危重病及各种急诊危重症的抢救诊断治疗。,,,,,,,,
杨晓红,新疆,伊犁,兵团四师医院,内科,心血管内科,副主任医师,,2.9,204,高血压，急慢性心衰，冠心病，心律失常，心肌病，高血脂等内科常见疾病的诊治,"34,289次",36篇,204位,136位,150位,,,
徐道珍,新疆,伊犁,兵团四师医院,内科,心血管内科,副主任医师,,2.9,,急性心肌梗死、心绞痛、心衰、心律失常、先心病等诊治,"6,476次",0篇,0位,0位,0位,,,
刘晓梅,新疆,伊犁,兵团四师医院,内科,心血管内科,副主任医师,,2.9,157,高血压，急慢性心衰，冠心病，心律失常，心肌病，高血脂等内科常见疾病的诊治,"31,412次",7篇,157位,156位,156位,,,
李德刚,新疆,伊犁,兵团四师医院,内科,心血管内科,主治医师,,2.9,12,高血压，急慢性心衰，冠心病，心律失常，心肌病，高血脂等内科常见疾病的诊治,"9,455次",0篇,12位,12位,12位,,,
李战国,新疆,伊犁,兵团四师医院,内科,心血管内科,主治医师,,2.8,,高血压，急慢性心衰，冠心病，心律不齐，心肌病，高血脂等内科常见疾病的诊治,"6,860次",0篇,0位,0位,0位,,,
刘万宁,新疆,伊犁,兵团四师医院,内科,心血管内科,主治医师,,2.8,41,高血压，急慢性心衰，冠心病，心律不齐，心肌病，高血脂等内科常见疾病的诊治,"24,588次",120篇,41位,38位,40位,,,
庞巧,新疆,伊犁,兵团四师医院,内科,心血管内科,主治医师,,2.8,39,高血压，急慢性心衰，冠心病，心律不齐，心肌病，高血脂等内科常见疾病的诊治,"15,629次",0篇,39位,31位,33位,,,
方惠杰,新疆,伊犁,兵团四师医院,内科,心血管内科,主治医师,,2.8,8,高血压，急慢性心衰，冠心病，心律失常，心肌病，高血脂等内科常见疾病的诊治,"6,947次",0篇,8位,8位,8位,,,
马风琴,新疆,伊犁,兵团四师医院,内科,心血管内科,住院医师,,2.7,,高血压，急慢性心衰，冠心病，心律不齐，心肌病，高血脂等内科常见疾病的诊治,"5,387次",0篇,0位,0位,0位,,,
安华伟,新疆,伊犁,兵团四师医院,内科,心血管内科,住院医师,,2.7,27,高血压，急慢性心衰，冠心病，心律不齐，心肌病，高血脂等内科常见疾病的诊治,"15,757次",4篇,27位,27位,27位,,,
潘春良,新疆,伊犁,兵团四师医院,内科,心血管内科,住院医师,,2.7,16,高血压，急慢性心衰，冠心病，心律失常，心肌病，高血脂等内科常见疾病的诊治,"10,517次",9篇,16位,15位,16位,,,
闫雪梅,新疆,伊犁,兵团四师医院,内科,肾病风湿科,主治医师,,2.9,,慢性肾脏病等肾脏疾病、血液净化,"3,542次",0篇,0位,0位,0位,,,
杨永健,新疆,伊犁,兵团四师医院,内科,肾病风湿科,主治医师,,2.8,1,血液病、老年病,"3,486次",0篇,1位,1位,1位,,,
米奇珍,新疆,伊犁,兵团四师医院,内科,肾病风湿科,住院医师,,2.8,,风湿免疫病,"3,567次",0篇,0位,0位,0位,,,
张建川,新疆,伊犁,兵团四师医院,内科,消化内科,住院医师,,2.6,3,消化性溃疡，反流性食管炎，肠易激综合症，炎症性肠病，消化道早癌，消化道出血，肝硬化等疾病的诊治，以及消化内镜的临床应用,"4,776次",0篇,3位,3位,3位,,,
马富兵,新疆,伊犁,兵团四师医院,内科,内分泌科,主治医师,,2.7,,糖尿病，性早熟，甲亢甲减，矮小症等疾病的诊治,"6,712次",0篇,0位,0位,0位,,,
刘博,新疆,伊犁,兵团四师医院,外科,神经外科,副主任医师,副教授,2.9,2,擅长于颅脑损伤、脑出血、动脉瘤、功能神经外科、脑肿瘤等神经系统常见疾病的诊治，现任新疆医学会神经外科专业委员会委员。,"3,066次",0篇,2位,0位,0位,,,
冒四平,新疆,伊犁,兵团四师医院,外科,骨三科,副主任医师,,2.8,20,"熟练掌握骨科常见病多发病的诊断及微创治疗。慢性肌筋膜炎疼痛诊断及治疗。
四肢骨折的微创手术治疗。
腰椎间盘突出及骨质疏松性脊柱骨折手术，股骨头坏死髋关节置换手术，膝关节置换手术等骨科常规四级手术。","6,641次",0篇,20位,1位,1位,,,
肖勇,新疆,伊犁,兵团四师医院,外科,骨二科,主治医师,,2.8,,骨关节、创伤疾病的诊治,"2,392次",0篇,0位,0位,0位,,,
郑勇,新疆,伊犁,兵团四师医院,外科,骨一科,主治医师,,2.5,16,擅长腰椎间盘突出的经皮椎间孔镜下微创手术治疗，年手术180余台。擅长老年性骨质疏松性压缩骨折的PKP、PVP微创手术治疗，年手术200余台，最大年龄患者102岁，可达到当天手术当天下地活动；擅长颈椎病的微创治疗；擅长青少年特发性脊柱侧弯的诊断，康复训练计划制定，手术矫形。擅长脊柱结核，布病的治疗；擅长四肢骨折运用MIppo技术和髄内钉技术的微创手术治疗。,"21,322次",4篇,16位,1位,1位,,,
邵子夏,新疆,伊犁,兵团四师医院,其他,口腔科,住院医师,,2.8,4,口腔常见牙体牙周粘膜疾病的诊断与防治，如龋齿、牙髓炎、牙龈炎、牙周炎及口腔溃疡等。,"2,666次",0篇,4位,0位,0位,,,
仇秀红,新疆,伊犁,乌苏市人民医院,内科,普通内科,主任医师,,2.6,,内科常见病、多发病的诊断治疗,,,,,,,,
董俊峰,新疆,伊犁,乌苏市人民医院,内科,普通内科,主任医师,,2.6,,"心血管，脑血管,高血压病以及消化系统和内分泌系统疾病的诊疗",,,,,,,,
葛新元,新疆,伊犁,乌苏市人民医院,内科,呼吸、内分泌、血液内科,副主任医师,,2.7,,呼吸系统疾病的诊治，支气管镜,,,,,,,,
李丛山,新疆,伊犁,乌苏市人民医院,内科,心血管内科,副主任医师,,2.7,,冠心病，高血压，心衰，心律失常诊断及治疗,,,,,,,,
史勇,新疆,伊犁,乌苏市人民医院,外科,骨科,主任医师,,2.5,,骨科创伤的治疗、髋、膝关节置换术及脊柱疾病的治疗,,,,,,,,
刘建全,新疆,伊犁,乌苏市人民医院,外科,神经外科,主任医师,,2.5,,诊治神经外科、胸外科各类疾病,,,,,,,,
木尼兰,新疆,伊犁,乌苏市人民医院,妇儿,儿科,主任医师,,2.8,,慢性咳嗽、儿童哮喘,"5,609次",0篇,0位,0位,0位,,,
师伟涛,新疆,伊犁,乌苏市人民医院,妇儿,儿科,主治医师,,2.7,,儿科常见疾病的诊治,"4,164次",0篇,0位,0位,0位,,,
张雪梅,新疆,伊犁,乌苏市人民医院,妇儿,儿科,副主任医师,,2.5,6,儿科、新生儿常见病、多发病、急危重症救治,"18,026次",0篇,6位,1位,1位,,,
乌苏人民医院儿科团队,新疆,伊犁,乌苏市人民医院,妇儿,儿科,,,,,,,,,,,,,
闫春玲,新疆,伊犁,乌苏市人民医院,妇儿,妇产科,主任医师,,2.7,,诊治产科难产、妇科良、恶性肿瘤及妇科内分泌等疑难病症,,,,,,,,
陈书义,新疆,伊犁,乌苏市人民医院,其他,五官科,主任医师,,2.5,,白内障，青光眼，视网膜脱离等眼病的诊治,,,,,,,,
马翔,新疆,伊犁,乌苏市人民医院,其他,五官科,副主任医师,,2.5,,过敏性鼻炎，鼻窦炎，鼻中隔偏曲，咽炎，喉炎等耳鼻咽喉科疑难病的诊治及手术前后的指导。,,,,,,,,
侯新萍,新疆,伊犁,乌苏市人民医院,其他,五官科,主治医师,,2.5,,青光眼，眼表等眼病的诊治,,,,,,,,
李健,新疆,伊犁,乌苏市人民医院,其他,五官科,主治医师,,2.5,,眼，耳鼻咽喉，颌面外科常见病，多发病诊治,,,,,,,,
李忠琴,新疆,伊犁,乌苏市人民医院,其他,中医科,副主任医师,,2.9,,"各种传染性疾病诊断及治疗,针灸治疗偏瘫、腰腿痛、面瘫、颈肩综合症。",,,,,,,,
张艳芬,新疆,伊犁,乌苏市人民医院,其他,中医科,主任医师,,2.7,,各种感染性疾病诊断及治疗,,,,,,,,
于志宏,新疆,伊犁,乌苏市人民医院,其他,医学影像科,主任医师,,2.6,,常见病的影像学诊断及鉴别诊断,,,,,,,,
张艳玲,新疆,伊犁,乌苏市人民医院,其他,皮肤性病科,副主任医师,,3.0,,"诊治痤疮,斑秃、紫癜、荨麻疹、湿疹、带状疱疹、尖锐湿疣、梅毒、白癜风，银屑病、激光脱毛、激光嫩肤、面部色斑。",,,,,,,,
郭瑞,新疆,伊犁,乌苏市人民医院,其他,超声科,主治医师,,2.5,,心脏、腹部、胃十二指肠，妇产科、盆底、颅脑、颈部血管、外周血管、盆底.超声、浅表器官及软组织等全身各部位，多脏器的常见病、多发病超声检查及诊断,,,,,,,,
李天津,新疆,伊犁,乌苏市人民医院,其他,麻醉科,住院医师,,2.4,,,,,,,,,,
于叶芹,新疆,伊犁,巩留县人民医院,内科,心血管内分泌科,主任医师,,2.8,18,内科疾病的综合诊治，如心血管病，脑血管疾病，内分泌疾病的诊治等,"9,868次",0篇,18位,18位,18位,,,
巴拉提·吾马尔,新疆,伊犁,巩留县人民医院,内科,心血管内分泌科,副主任医师,,2.7,15,高血压，急慢性心衰，冠心病，心律失常，心肌病，高血脂等内科常见疾病的诊治,"8,006次",0篇,15位,15位,15位,,,
闫卫红,新疆,伊犁,巩留县人民医院,内科,心血管内分泌科,主治医师,,2.7,7,糖尿病、高血压、冠心病等疾病的诊治,"6,040次",0篇,7位,6位,7位,,,
玉苏甫江·伙吉努尔,新疆,伊犁,巩留县人民医院,内科,心血管内分泌科,住院医师,,2.6,21,普通内科常见疾病的诊治，如高血压，高血脂，冠心病，糖尿病等,"10,073次",0篇,21位,18位,20位,,,
常丽,新疆,伊犁,巩留县人民医院,内科,心血管内分泌科,住院医师,,2.5,11,糖尿病、高血压、冠心病,"4,792次",0篇,11位,11位,11位,,,
张楠,新疆,伊犁,巩留县人民医院,内科,心血管内分泌科,住院医师,,2.5,4,擅长高血压，冠心病，心律失常，糖尿病等疾病的治疗,"5,667次",0篇,4位,4位,4位,,,
蒲俊炜,新疆,伊犁,巩留县人民医院,内科,普通内科,主任医师,,2.5,,对各种急危重患者的抢救有丰富的临床经验，特别是高血压急症、急性心肌梗死、急慢性呼吸衰竭、各类休克、各类药物中毒等的诊治。在日常的诊疗工作中能够熟练的应用中西医结合的专业优势，巧妙的治疗多种疑难杂症。,,,,,,,,
黎艳梅,新疆,伊犁,巩留县人民医院,内科,普通内科,主任医师,,2.5,,熟悉掌握儿科常见病、多发病，新生儿疾病及疑难杂症的诊治，尤其擅长于对新生儿疾病，早产儿管理及部分疑难杂症等诊断及处理有较高的造诣。,,,,,,,,
梁敬坤,新疆,伊犁,巩留县人民医院,内科,普通内科,副主任医师,,2.7,17,高血压，急慢性心衰，冠心病，脑血管疾病等,,0篇,17位,17位,17位,,,
万婕,新疆,伊犁,巩留县人民医院,内科,普通内科,主任医师,,2.5,,呼吸、消化、肾病、风湿免疫病、血液、肿瘤等疾病的临床诊治。尤其内镜下检查及治疗，如普通胃肠镜、无痛胃肠镜检查、早癌的筛查、息肉的切除等。,,,,,,,,
白金龙,新疆,伊犁,巩留县人民医院,内科,普通内科,主治医师,,2.4,,呼吸、消化、肾病、风湿免疫病、血液、肿瘤等疾病的临床诊治。,,,,,,,,
梁付伟,新疆,伊犁,巩留县人民医院,内科,急诊科,主治医师,,2.5,,内科各种急危重症疾病的诊治，包括心肌梗死、心力衰竭、各种休克、呼吸衰竭、COPD、重症肺炎、脓毒症、急性呼吸窘迫综合征、糖尿病危象、多脏器功能衰竭、猝死的复苏抢救、各种中毒。熟练掌握深静脉穿刺、动脉穿刺、胸腹腔穿刺、呼吸机使用、气管插管等各项技术。,,,,,,,,
杜宗新,新疆,伊犁,巩留县人民医院,外科,普外科,主治医师,,2.5,,肝、胆、胰、胃、肠道等常见病、多发病的诊断和治疗。对危重、疑难病症等疾病的诊治方面有较深的造诣。,,,,,,,,
燎原,新疆,伊犁,巩留县人民医院,外科,普外科,副主任医师,,2.5,,肝、胆、胰、胃、肠道、肛肠、疝等常见病、多发病的诊断和治疗。对危重、疑难病症有独特的见解和处理能力。,,,,,,,,
胡军胜,新疆,伊犁,巩留县人民医院,外科,脑外科,主任医师,,2.5,,脑血管病的诊断、治疗和预防；独立开展各种复杂脑外伤、危险部位脑瘤及高血压脑出血手术。,,,,,,,,
宋建宁,新疆,伊犁,巩留县人民医院,外科,脑外科,住院医师,,2.4,1,脑外伤 脑肿瘤,"8,810次",0篇,1位,1位,1位,,,
查振堂,新疆,伊犁,巩留县人民医院,外科,骨科,副主任医师,,2.5,,人工、膝、髋关节置换及翻修术、关节镜下关节疾病诊断和治疗，关节内韧带重建、骨质疏松、腰椎间盘突出症等疾病的诊断与治疗。,,,,,,,,
张鹏,新疆,伊犁,巩留县人民医院,其他,眼耳鼻喉科,主治医师,,2.6,,,,,,,,,,
孙周明,新疆,伊犁,巩留县人民医院,其他,眼耳鼻喉科,副主任医师,,2.5,,眼科、耳鼻喉科常见病、多发病的诊疗和常规手术的开展。,,,,,,,,
刘玉虹,新疆,伊犁,巩留县人民医院,其他,口腔科,主治医师,,2.5,7,擅长口腔内科，颌面外科，正畸的诊断及治疗…,34次,0篇,7位,0位,0位,,,
刘新清,新疆,伊犁,伊宁市人民医院,内科,内科,副主任医师,,2.5,,胃溃疡、十二指肠溃疡、反流性食管炎,"10,262次",0篇,0位,0位,0位,,,
冉中兴,新疆,伊犁,伊宁市人民医院,内科,内科,副主任医师,,2.5,,,,,,,,,,
刘麒,新疆,伊犁,伊宁市人民医院,内科,内科,副主任医师,,2.5,,,,,,,,,,
沙惠,新疆,伊犁,伊宁市人民医院,内科,内科,副主任医师,,2.5,,,,,,,,,,
马磊,新疆,伊犁,伊宁市人民医院,外科,骨科,副主任医师,,2.6,9,骨关节微创诊治及运动医学，四肢创伤的微创诊疗,"24,829次",3篇,9位,1位,2位,,,
余金明,新疆,伊犁,伊宁市人民医院,外科,骨科,主任医师,,2.5,,,,,,,,,,
佟文峰,新疆,伊犁,伊宁市人民医院,外科,骨科,主任医师,,2.5,,,,,,,,,,
陈鑫,新疆,伊犁,伊宁市人民医院,外科,骨科,副主任医师,,2.5,,,,,,,,,,
张北生,新疆,伊犁,伊宁市人民医院,外科,骨科,副主任医师,,2.5,,,,,,,,,,
张炎,新疆,伊犁,伊宁市人民医院,妇儿,儿科,主治医师,,2.5,,,,,,,,,,
郭梅芳,新疆,伊犁,伊宁市人民医院,其他,中医科,主任医师,,2.7,,,,,,,,,,
高俊红,新疆,伊犁,伊宁市人民医院,其他,中医科,副主任医师,,2.7,,,,,,,,,,
周成,新疆,伊犁,伊宁市人民医院,其他,药剂科,主管药师,,2.5,1,促进临床合理用药，为患者提供内分泌科药物的用药咨询,444次,0篇,1位,0位,0位,,,
刘海梅,新疆,伊犁,伊宁市人民医院,其他,口腔科,主治医师,,2.5,,,,,,,,,,
田丽萍,新疆,伊犁,伊宁市人民医院,其他,皮肤科,主治医师,,2.8,,,,,,,,,,
谢睿,新疆,伊犁,伊宁市人民医院,其他,耳鼻喉,副主任医师,,2.5,,,,,,,,,,
张同胜,新疆,伊犁,霍城县第一人民医院,内科,内一科,主治医师,,2.7,74,肾病、高血压、糖尿病,"22,841次",21篇,74位,61位,70位,,,
刘炳辉,新疆,伊犁,霍城县第一人民医院,内科,内一科,,,,,,,,,,,,,
王雪莲,新疆,伊犁,霍城县第一人民医院,内科,内一科,,,,,,,,,,,,,
罗世超,新疆,伊犁,霍城县第一人民医院,内科,内一科,主治医师,,2.6,,高血压，急慢性心衰，冠心病，心律失常，心肌病，高血脂等内科常见疾病的诊治,"5,338次",0篇,0位,0位,0位,,,
张福正,新疆,伊犁,霍城县第一人民医院,内科,内一科,,,,,,,,,,,,,
冯俏俏,新疆,伊犁,霍城县第一人民医院,内科,内一科,住院医师,,2.4,92,心血管疾病,"16,031次",1篇,92位,71位,86位,,,
马丽艳,新疆,伊犁,霍城县第一人民医院,内科,内一科,副主任医师,,,,擅长内分泌常见病、多发病及危重症的诊断及治疗，以及糖尿病慢性病的宣教管理。,,,,,,,,
张晓敏,新疆,伊犁,霍城县第一人民医院,内科,急诊科,主任医师,,,,擅长临床急危重症的抢救与诊疗，熟悉临床急救的各项设备。,,,,,,,,
石月芬,新疆,伊犁,霍城县第一人民医院,内科,内二科,副主任医师,,,,擅长呼吸重症感染、呼吸衰竭、肺栓塞、间质性肺疾病、肺恶性肿瘤、肺心病、肺恶性肿瘤、慢阻肺、哮喘等疾病的诊疗。,,,,,,,,
唐晓东,新疆,伊犁,霍城县第一人民医院,外科,普外科,副主任医师,,,,甲状腺与乳腺疾病诊断与治疗和腹腔镜下(胆囊、阑尾)切除术及普外科常见病、多发病诊断治疗。,,,,,,,,
甘国辉,新疆,伊犁,霍城县第一人民医院,外科,普外科,主任医师,,,,擅长胃肠道疾病、肝胆疾病、甲状腺、乳腺、腹外疝等疾病的诊断及治疗，精通腹腔镜微创手术，对脑出血、脑外伤等诊断及治疗也有丰富的经验。,,,,,,,,
高山,新疆,伊犁,霍城县第一人民医院,妇儿,妇产科,主治医师,,2.5,,妇产科常见病的诊治,"6,079次",0篇,0位,0位,0位,,,
张红军,新疆,伊犁,霍城县第一人民医院,妇儿,妇产科,主任医师,,,,擅长处理各种难产，病理产科以及高危妊娠，同时擅长妇科内分泌治疗及宫腔镜的部分检查的治疗的操作，能熟练完成腹腔镜下经腹子宫全切、卵巢囊肿摘除术，阴式子宫全切术，阴式子宫肌瘤剔除术，阴道前后壁修补。压力性尿失禁手术(TVT-0)等阴式手术，腹腔镜下附件手术，腹腔镜下子宫肌瘤剥除术。,,,,,,,,
刘秀萍,新疆,伊犁,霍城县第一人民医院,妇儿,妇产科,主任医师,,,,擅长妇产科常见病、多发病以及疑难、危重病人的诊治、妇科内分泌治疗，熟练完成腹式、阴式全子宫切除、卵巢手术、阴道前后壁修补术。,,,,,,,,
焦俊剑,新疆,伊犁,霍城县第一人民医院,妇儿,儿科,住院医师,,2.5,43,儿科常见疾病的诊治,,0篇,0位,0位,0位,,,
马桂琴,新疆,伊犁,霍城县第一人民医院,妇儿,儿科,主任医师,,2.5,69,儿科和新生儿常见病，多发病的诊治。,"20,286次",0篇,69位,47位,60位,,,
刘萍,新疆,伊犁,霍城县第一人民医院,其他,中医科,主任医师,,,,擅长中西医结合治疗内科常见病、多发病的诊断与治疗;针灸治疗颈肩腰腿痛及中风后遗症、面瘫、风湿病等有一定的治疗,,,,,,,,
李卫平,新疆,伊犁,霍城县第一人民医院,其他,中医科,副主任医师,,,,擅长针灸治疗颈肩、腰、腿痛，中风、面瘫、类风湿等疾病诊治。中西医结合治疗中医常见疾病的治,,,,,,,,
张彦明,新疆,伊犁,尼勒克县人民医院,内科,内一科,副主任医师,,2.7,10,高血压，急慢性心衰，冠心病，心律失常，心肌病，高血脂等内科常见疾病的诊治,"7,557次",2篇,10位,10位,10位,,,
楚书雅,新疆,伊犁,尼勒克县人民医院,内科,内一科,主治医师,,2.6,44,高血压，冠心病，消化内科等疾病的诊治,"15,121次",0篇,44位,40位,43位,,,
闪亮,新疆,伊犁,尼勒克县人民医院,内科,内一科,主治医师,,2.6,42,高血压，急慢性心衰，冠心病，心律失常，心肌病，高血脂等内科常见疾病的诊治,"15,174次",10篇,42位,35位,40位,,,
郭永军,新疆,伊犁,尼勒克县人民医院,内科,内一科,主治医师,,2.4,117,普通内科常见疾病的诊治，如高血压，高血脂，冠心病，糖尿病等,"24,724次",2篇,117位,114位,116位,,,
曹志文,新疆,伊犁,尼勒克县人民医院,内科,内一科,主治医师,,2.4,,高血压，急慢性心衰，冠心病，心律失常，心肌病，高血脂等内科常见疾病的诊治,"4,527次",0篇,0位,0位,0位,,,
孙勋德,新疆,伊犁,尼勒克县人民医院,内科,内三科,主治医师,,2.9,,肺心病、支气管哮踹、支气管炎、慢性阻塞性肺疾病,"4,083次",0篇,0位,0位,0位,,,
谢维靖,新疆,伊犁,尼勒克县人民医院,内科,内二科,主治医师,,2.7,,脑血管病、癫痫、周围神经病、头痛、头晕等常见病、多发病的诊治,"4,066次",0篇,0位,0位,0位,,,
杨忠伟,新疆,伊犁,新疆生产建设兵团第七师医院,内科,心血管内科,主任医师,教授,3.2,,率先在农七师开展直立倾斜试验对心血管自主神经病变的研究以及心脏交感神经阻滞术、三腔起搏器治疗顽固性心衰，开展的心脏病介入手术如冠状动脉造影术、左心室造影术、主动脉造影术、室上性心动过速射频消融术、临时及永久起搏器植入术、起搏复律除颤器安置术（ICD），均填补了农七师的空白，尤其是ICD的安置更填补了兵团及地州师级医院的空白,"6,231次",0篇,0位,0位,0位,,,
安志卫,新疆,伊犁,新疆生产建设兵团第七师医院,内科,神经内科,副主任医师,,2.8,1,,,0篇,0位,1位,1位,,,
张志强,新疆,伊犁,新疆生产建设兵团第七师医院,外科,泌尿外科,住院医师,,2.8,2,泌尿系疾病,"8,028次",0篇,2位,0位,0位,,,
刘晓娟,新疆,伊犁,新疆生产建设兵团第七师医院,其他,皮肤科,主治医师,,3.1,20,擅长皮肤科常见病如疱疹病毒感染、各种疣、手足癣、各种皮炎湿疹、过敏性疾病、银屑病等疾病的临床诊治。,"8,530次",0篇,20位,3位,3位,,,
邓友明,新疆,伊犁,伊宁市金陵维吾尔医医院,其他,疼痛科,主任医师,,3.0,43,各科急危重症（重症产科，各类休克患者，创伤患者）、疑难病人麻醉，急慢性疼痛，肿瘤疼痛的治疗等,"43,639次",3篇,43位,0位,0位,,,
邓友明,新疆,伊犁,伊宁市金陵维吾尔医医院,其他,麻醉科,主任医师,,3.0,43,各科急危重症（重症产科，各类休克患者，创伤患者）、疑难病人麻醉，急慢性疼痛，肿瘤疼痛的治疗等,"43,640次",3篇,43位,0位,0位,,,
托合塔森·艾买提,新疆,伊犁,伊宁市金陵维吾尔医医院,其他,内科,副主任医师,,2.7,1,,35次,0篇,1位,0位,0位,,,
帕路可·地力木拉提,新疆,伊犁,伊宁市金陵维吾尔医医院,其他,内二科,住院医师,,2.6,2,心血管疾病，消化系统，呼吸系统，糖尿病等疾病的诊治,"3,234次",0篇,2位,2位,2位,,,
魏继兵,新疆,伊犁,兵团奎屯中医院,中医,内科,主治医师,,2.6,3,,148次,0篇,3位,1位,1位,,,
冯志刚,新疆,伊犁,兵团奎屯中医院,中医,肿瘤科,副主任医师,,2.9,2,肿瘤的放射治疗等,"4,011次",1篇,2位,0位,0位,,,
王辉,新疆,伊犁,第四师七十二团医院,内科,内科,主治医师,,2.4,13,,"3,070次",0篇,13位,0位,0位,,,
夏敏,新疆,伊犁,第四师七十二团医院,其他,全科,住院医师,,2.5,,普通内科常见疾病的诊治，如高血压，冠心病，肺炎，哮喘，糖尿病等,,0篇,0位,0位,0位,,,
韩鹏飞,新疆,伊犁,察布查尔县人民医院,外科,骨科,住院医师,,2.4,2,骨科常见病,,0篇,0位,0位,0位,,,
张隆江,新疆,伊犁,昭苏县人民医院,外科,普外科,住院医师,,2.5,,胃肠外科、肝胆外科相关疾病等,"3,220次",0篇,0位,0位,0位,,,
李运杰,新疆,伊犁,特克斯县人民医院,内科,急诊科,副主任医师,,2.8,1304,本人擅长普外科、肛肠科、急诊科的疾病诊治，如体表各种包块切除，各种痔疮、肛裂、肛瘘、肛周脓肿等治疗。,"107,659次",0篇,1304位,1位,1位,,,
施军,新疆,伊犁,新源县中医医院,中医,内科,副主任医师,,2.7,4,中医中药治疗内分泌失调所致月经不调，更年期综合症，脾胃疾病，失眠、焦虑、抑郁等情志疾病。,"2,938次",0篇,4位,0位,0位,,,
